[2025-12-27 18:45:51] laravel.EMERGENCY: Unable to create configured logger. Using emergency logger. {"exception":"[object] (InvalidArgumentException(code: 0): Log [] is not defined. at /Users/vikasverma/Projects/suwish/vendor/laravel/framework/src/Illuminate/Log/LogManager.php:212)
[stacktrace]
#0 /Users/vikasverma/Projects/suwish/vendor/laravel/framework/src/Illuminate/Log/LogManager.php(137): Illuminate\\Log\\LogManager->resolve(NULL, NULL)
#1 /Users/vikasverma/Projects/suwish/vendor/laravel/framework/src/Illuminate/Log/LogManager.php(124): Illuminate\\Log\\LogManager->get(NULL)
#2 /Users/vikasverma/Projects/suwish/vendor/laravel/framework/src/Illuminate/Log/LogManager.php(681): Illuminate\\Log\\LogManager->driver()
#3 /Users/vikasverma/Projects/suwish/vendor/laravel/framework/src/Illuminate/Foundation/Exceptions/Handler.php(317): Illuminate\\Log\\LogManager->error('Attempt to read...', Array)
#4 /Users/vikasverma/Projects/suwish/vendor/laravel/framework/src/Illuminate/Foundation/Exceptions/Handler.php(278): Illuminate\\Foundation\\Exceptions\\Handler->reportThrowable(Object(Spatie\\LaravelIgnition\\Exceptions\\ViewException))
#5 /Users/vikasverma/Projects/suwish/vendor/laravel/framework/src/Illuminate/Routing/Pipeline.php(49): Illuminate\\Foundation\\Exceptions\\Handler->report(Object(Spatie\\LaravelIgnition\\Exceptions\\ViewException))
#6 /Users/vikasverma/Projects/suwish/vendor/laravel/framework/src/Illuminate/Pipeline/Pipeline.php(146): Illuminate\\Routing\\Pipeline->handleException(Object(Illuminate\\Http\\Request), Object(Illuminate\\View\\ViewException))
#7 /Users/vikasverma/Projects/suwish/vendor/laravel/framework/src/Illuminate/Routing/Middleware/SubstituteBindings.php(50): Illuminate\\Pipeline\\Pipeline->Illuminate\\Pipeline\\{closure}(Object(Illuminate\\Http\\Request))
#8 /Users/vikasverma/Projects/suwish/vendor/laravel/framework/src/Illuminate/Pipeline/Pipeline.php(183): Illuminate\\Routing\\Middleware\\SubstituteBindings->handle(Object(Illuminate\\Http\\Request), Object(Closure))
#9 /Users/vikasverma/Projects/suwish/vendor/laravel/framework/src/Illuminate/Auth/Middleware/Authenticate.php(57): Illuminate\\Pipeline\\Pipeline->Illuminate\\Pipeline\\{closure}(Object(Illuminate\\Http\\Request))
#10 /Users/vikasverma/Projects/suwish/vendor/laravel/framework/src/Illuminate/Pipeline/Pipeline.php(183): Illuminate\\Auth\\Middleware\\Authenticate->handle(Object(Illuminate\\Http\\Request), Object(Closure))
#11 /Users/vikasverma/Projects/suwish/vendor/laravel/framework/src/Illuminate/Foundation/Http/Middleware/VerifyCsrfToken.php(78): Illuminate\\Pipeline\\Pipeline->Illuminate\\Pipeline\\{closure}(Object(Illuminate\\Http\\Request))
#12 /Users/vikasverma/Projects/suwish/vendor/laravel/framework/src/Illuminate/Pipeline/Pipeline.php(183): Illuminate\\Foundation\\Http\\Middleware\\VerifyCsrfToken->handle(Object(Illuminate\\Http\\Request), Object(Closure))
#13 /Users/vikasverma/Projects/suwish/vendor/laravel/framework/src/Illuminate/View/Middleware/ShareErrorsFromSession.php(49): Illuminate\\Pipeline\\Pipeline->Illuminate\\Pipeline\\{closure}(Object(Illuminate\\Http\\Request))
#14 /Users/vikasverma/Projects/suwish/vendor/laravel/framework/src/Illuminate/Pipeline/Pipeline.php(183): Illuminate\\View\\Middleware\\ShareErrorsFromSession->handle(Object(Illuminate\\Http\\Request), Object(Closure))
#15 /Users/vikasverma/Projects/suwish/vendor/laravel/framework/src/Illuminate/Session/Middleware/StartSession.php(121): Illuminate\\Pipeline\\Pipeline->Illuminate\\Pipeline\\{closure}(Object(Illuminate\\Http\\Request))
#16 /Users/vikasverma/Projects/suwish/vendor/laravel/framework/src/Illuminate/Session/Middleware/StartSession.php(64): Illuminate\\Session\\Middleware\\StartSession->handleStatefulRequest(Object(Illuminate\\Http\\Request), Object(Illuminate\\Session\\Store), Object(Closure))
#17 /Users/vikasverma/Projects/suwish/vendor/laravel/framework/src/Illuminate/Pipeline/Pipeline.php(183): Illuminate\\Session\\Middleware\\StartSession->handle(Object(Illuminate\\Http\\Request), Object(Closure))
#18 /Users/vikasverma/Projects/suwish/vendor/laravel/framework/src/Illuminate/Cookie/Middleware/AddQueuedCookiesToResponse.php(37): Illuminate\\Pipeline\\Pipeline->Illuminate\\Pipeline\\{closure}(Object(Illuminate\\Http\\Request))
#19 /Users/vikasverma/Projects/suwish/vendor/laravel/framework/src/Illuminate/Pipeline/Pipeline.php(183): Illuminate\\Cookie\\Middleware\\AddQueuedCookiesToResponse->handle(Object(Illuminate\\Http\\Request), Object(Closure))
#20 /Users/vikasverma/Projects/suwish/vendor/laravel/framework/src/Illuminate/Cookie/Middleware/EncryptCookies.php(67): Illuminate\\Pipeline\\Pipeline->Illuminate\\Pipeline\\{closure}(Object(Illuminate\\Http\\Request))
#21 /Users/vikasverma/Projects/suwish/vendor/laravel/framework/src/Illuminate/Pipeline/Pipeline.php(183): Illuminate\\Cookie\\Middleware\\EncryptCookies->handle(Object(Illuminate\\Http\\Request), Object(Closure))
#22 /Users/vikasverma/Projects/suwish/vendor/laravel/framework/src/Illuminate/Pipeline/Pipeline.php(119): Illuminate\\Pipeline\\Pipeline->Illuminate\\Pipeline\\{closure}(Object(Illuminate\\Http\\Request))
#23 /Users/vikasverma/Projects/suwish/vendor/laravel/framework/src/Illuminate/Routing/Router.php(805): Illuminate\\Pipeline\\Pipeline->then(Object(Closure))
#24 /Users/vikasverma/Projects/suwish/vendor/laravel/framework/src/Illuminate/Routing/Router.php(784): Illuminate\\Routing\\Router->runRouteWithinStack(Object(Illuminate\\Routing\\Route), Object(Illuminate\\Http\\Request))
#25 /Users/vikasverma/Projects/suwish/vendor/laravel/framework/src/Illuminate/Routing/Router.php(748): Illuminate\\Routing\\Router->runRoute(Object(Illuminate\\Http\\Request), Object(Illuminate\\Routing\\Route))
#26 /Users/vikasverma/Projects/suwish/vendor/laravel/framework/src/Illuminate/Routing/Router.php(737): Illuminate\\Routing\\Router->dispatchToRoute(Object(Illuminate\\Http\\Request))
#27 /Users/vikasverma/Projects/suwish/vendor/laravel/framework/src/Illuminate/Foundation/Http/Kernel.php(200): Illuminate\\Routing\\Router->dispatch(Object(Illuminate\\Http\\Request))
#28 /Users/vikasverma/Projects/suwish/vendor/laravel/framework/src/Illuminate/Pipeline/Pipeline.php(144): Illuminate\\Foundation\\Http\\Kernel->Illuminate\\Foundation\\Http\\{closure}(Object(Illuminate\\Http\\Request))
#29 /Users/vikasverma/Projects/suwish/vendor/laravel/framework/src/Illuminate/Foundation/Http/Middleware/TransformsRequest.php(21): Illuminate\\Pipeline\\Pipeline->Illuminate\\Pipeline\\{closure}(Object(Illuminate\\Http\\Request))
#30 /Users/vikasverma/Projects/suwish/vendor/laravel/framework/src/Illuminate/Foundation/Http/Middleware/ConvertEmptyStringsToNull.php(31): Illuminate\\Foundation\\Http\\Middleware\\TransformsRequest->handle(Object(Illuminate\\Http\\Request), Object(Closure))
#31 /Users/vikasverma/Projects/suwish/vendor/laravel/framework/src/Illuminate/Pipeline/Pipeline.php(183): Illuminate\\Foundation\\Http\\Middleware\\ConvertEmptyStringsToNull->handle(Object(Illuminate\\Http\\Request), Object(Closure))
#32 /Users/vikasverma/Projects/suwish/vendor/laravel/framework/src/Illuminate/Foundation/Http/Middleware/TransformsRequest.php(21): Illuminate\\Pipeline\\Pipeline->Illuminate\\Pipeline\\{closure}(Object(Illuminate\\Http\\Request))
#33 /Users/vikasverma/Projects/suwish/vendor/laravel/framework/src/Illuminate/Foundation/Http/Middleware/TrimStrings.php(40): Illuminate\\Foundation\\Http\\Middleware\\TransformsRequest->handle(Object(Illuminate\\Http\\Request), Object(Closure))
#34 /Users/vikasverma/Projects/suwish/vendor/laravel/framework/src/Illuminate/Pipeline/Pipeline.php(183): Illuminate\\Foundation\\Http\\Middleware\\TrimStrings->handle(Object(Illuminate\\Http\\Request), Object(Closure))
#35 /Users/vikasverma/Projects/suwish/vendor/laravel/framework/src/Illuminate/Foundation/Http/Middleware/ValidatePostSize.php(27): Illuminate\\Pipeline\\Pipeline->Illuminate\\Pipeline\\{closure}(Object(Illuminate\\Http\\Request))
#36 /Users/vikasverma/Projects/suwish/vendor/laravel/framework/src/Illuminate/Pipeline/Pipeline.php(183): Illuminate\\Foundation\\Http\\Middleware\\ValidatePostSize->handle(Object(Illuminate\\Http\\Request), Object(Closure))
#37 /Users/vikasverma/Projects/suwish/vendor/laravel/framework/src/Illuminate/Foundation/Http/Middleware/PreventRequestsDuringMaintenance.php(99): Illuminate\\Pipeline\\Pipeline->Illuminate\\Pipeline\\{closure}(Object(Illuminate\\Http\\Request))
#38 /Users/vikasverma/Projects/suwish/vendor/laravel/framework/src/Illuminate/Pipeline/Pipeline.php(183): Illuminate\\Foundation\\Http\\Middleware\\PreventRequestsDuringMaintenance->handle(Object(Illuminate\\Http\\Request), Object(Closure))
#39 /Users/vikasverma/Projects/suwish/vendor/laravel/framework/src/Illuminate/Http/Middleware/HandleCors.php(49): Illuminate\\Pipeline\\Pipeline->Illuminate\\Pipeline\\{closure}(Object(Illuminate\\Http\\Request))
#40 /Users/vikasverma/Projects/suwish/vendor/laravel/framework/src/Illuminate/Pipeline/Pipeline.php(183): Illuminate\\Http\\Middleware\\HandleCors->handle(Object(Illuminate\\Http\\Request), Object(Closure))
#41 /Users/vikasverma/Projects/suwish/vendor/laravel/framework/src/Illuminate/Http/Middleware/TrustProxies.php(39): Illuminate\\Pipeline\\Pipeline->Illuminate\\Pipeline\\{closure}(Object(Illuminate\\Http\\Request))
#42 /Users/vikasverma/Projects/suwish/vendor/laravel/framework/src/Illuminate/Pipeline/Pipeline.php(183): Illuminate\\Http\\Middleware\\TrustProxies->handle(Object(Illuminate\\Http\\Request), Object(Closure))
#43 /Users/vikasverma/Projects/suwish/vendor/laravel/framework/src/Illuminate/Pipeline/Pipeline.php(119): Illuminate\\Pipeline\\Pipeline->Illuminate\\Pipeline\\{closure}(Object(Illuminate\\Http\\Request))
#44 /Users/vikasverma/Projects/suwish/vendor/laravel/framework/src/Illuminate/Foundation/Http/Kernel.php(175): Illuminate\\Pipeline\\Pipeline->then(Object(Closure))
#45 /Users/vikasverma/Projects/suwish/vendor/laravel/framework/src/Illuminate/Foundation/Http/Kernel.php(144): Illuminate\\Foundation\\Http\\Kernel->sendRequestThroughRouter(Object(Illuminate\\Http\\Request))
#46 /Users/vikasverma/Projects/suwish/public/index.php(36): Illuminate\\Foundation\\Http\\Kernel->handle(Object(Illuminate\\Http\\Request))
#47 /Users/vikasverma/Projects/suwish/vendor/laravel/framework/src/Illuminate/Foundation/resources/server.php(16): require_once('/Users/vikasver...')
#48 {main}
"} 
[2025-12-27 18:45:51] laravel.ERROR: Attempt to read property "name" on null {"view":{"view":"/Users/vikasverma/Projects/suwish/resources/views/invoices/order.blade.php","data":{"errors":"<pre class=sf-dump id=sf-dump-796913707 data-indent-pad=\"  \"><span class=sf-dump-note>Illuminate\\Support\\ViewErrorBag</span> {<a class=sf-dump-ref>#1159</a><samp data-depth=1 class=sf-dump-expanded>
  #<span class=sf-dump-protected title=\"Protected property\">bags</span>: []
</samp>}
</pre><script>Sfdump(\"sf-dump-796913707\", {\"maxDepth\":3,\"maxStringLength\":160})</script>
","order":"<pre class=sf-dump id=sf-dump-983110482 data-indent-pad=\"  \"><span class=sf-dump-note>App\\Models\\Order</span> {<a class=sf-dump-ref>#1199</a><samp data-depth=1 class=sf-dump-expanded>
  #<span class=sf-dump-protected title=\"Protected property\">connection</span>: \"<span class=sf-dump-str title=\"5 characters\">mysql</span>\"
  #<span class=sf-dump-protected title=\"Protected property\">table</span>: \"<span class=sf-dump-str title=\"6 characters\">orders</span>\"
  #<span class=sf-dump-protected title=\"Protected property\">primaryKey</span>: \"<span class=sf-dump-str title=\"2 characters\">id</span>\"
  #<span class=sf-dump-protected title=\"Protected property\">keyType</span>: \"<span class=sf-dump-str title=\"3 characters\">int</span>\"
  +<span class=sf-dump-public title=\"Public property\">incrementing</span>: <span class=sf-dump-const>true</span>
  #<span class=sf-dump-protected title=\"Protected property\">with</span>: []
  #<span class=sf-dump-protected title=\"Protected property\">withCount</span>: []
  +<span class=sf-dump-public title=\"Public property\">preventsLazyLoading</span>: <span class=sf-dump-const>false</span>
  #<span class=sf-dump-protected title=\"Protected property\">perPage</span>: <span class=sf-dump-num>15</span>
  +<span class=sf-dump-public title=\"Public property\">exists</span>: <span class=sf-dump-const>true</span>
  +<span class=sf-dump-public title=\"Public property\">wasRecentlyCreated</span>: <span class=sf-dump-const>false</span>
  #<span class=sf-dump-protected title=\"Protected property\">escapeWhenCastingToString</span>: <span class=sf-dump-const>false</span>
  #<span class=sf-dump-protected title=\"Protected property\">attributes</span>: <span class=sf-dump-note>array:25</span> [<samp data-depth=2 class=sf-dump-compact>
    \"<span class=sf-dump-key>id</span>\" => <span class=sf-dump-num>31</span>
    \"<span class=sf-dump-key>order_number</span>\" => \"<span class=sf-dump-str title=\"14 characters\">ORD-USVZTPQ366</span>\"
    \"<span class=sf-dump-key>user_id</span>\" => <span class=sf-dump-const>null</span>
    \"<span class=sf-dump-key>address_id</span>\" => <span class=sf-dump-const>null</span>
    \"<span class=sf-dump-key>name</span>\" => \"<span class=sf-dump-str title=\"11 characters\">Vikas Verma</span>\"
    \"<span class=sf-dump-key>mobile</span>\" => \"<span class=sf-dump-str title=\"10 characters\">9119857034</span>\"
    \"<span class=sf-dump-key>email</span>\" => <span class=sf-dump-const>null</span>
    \"<span class=sf-dump-key>address</span>\" => \"<span class=sf-dump-str title=\"20 characters\">Satyarthi Dhaam Gali</span>\"
    \"<span class=sf-dump-key>pincode</span>\" => \"<span class=sf-dump-str title=\"6 characters\">226022</span>\"
    \"<span class=sf-dump-key>subtotal</span>\" => \"<span class=sf-dump-str title=\"6 characters\">920.00</span>\"
    \"<span class=sf-dump-key>gst_amount</span>\" => \"<span class=sf-dump-str title=\"4 characters\">0.00</span>\"
    \"<span class=sf-dump-key>shipping_charge</span>\" => \"<span class=sf-dump-str title=\"5 characters\">40.00</span>\"
    \"<span class=sf-dump-key>total_amount</span>\" => \"<span class=sf-dump-str title=\"6 characters\">960.00</span>\"
    \"<span class=sf-dump-key>payment_status</span>\" => \"<span class=sf-dump-str title=\"8 characters\">verified</span>\"
    \"<span class=sf-dump-key>order_status</span>\" => \"<span class=sf-dump-str title=\"9 characters\">confirmed</span>\"
    \"<span class=sf-dump-key>cancellation_remark</span>\" => <span class=sf-dump-const>null</span>
    \"<span class=sf-dump-key>payment_proof</span>\" => <span class=sf-dump-const>null</span>
    \"<span class=sf-dump-key>payment_method</span>\" => \"<span class=sf-dump-str title=\"8 characters\">razorpay</span>\"
    \"<span class=sf-dump-key>razorpay_order_id</span>\" => \"<span class=sf-dump-str title=\"20 characters\">order_RweG6bDNNrRQIi</span>\"
    \"<span class=sf-dump-key>razorpay_payment_id</span>\" => \"<span class=sf-dump-str title=\"18 characters\">pay_RweGFkEhqwlXts</span>\"
    \"<span class=sf-dump-key>tracking_id</span>\" => <span class=sf-dump-const>null</span>
    \"<span class=sf-dump-key>tracking_url</span>\" => <span class=sf-dump-const>null</span>
    \"<span class=sf-dump-key>notes</span>\" => <span class=sf-dump-const>null</span>
    \"<span class=sf-dump-key>created_at</span>\" => \"<span class=sf-dump-str title=\"19 characters\">2025-12-27 18:44:02</span>\"
    \"<span class=sf-dump-key>updated_at</span>\" => \"<span class=sf-dump-str title=\"19 characters\">2025-12-27 18:44:26</span>\"
  </samp>]
  #<span class=sf-dump-protected title=\"Protected property\">original</span>: <span class=sf-dump-note>array:25</span> [<samp data-depth=2 class=sf-dump-compact>
    \"<span class=sf-dump-key>id</span>\" => <span class=sf-dump-num>31</span>
    \"<span class=sf-dump-key>order_number</span>\" => \"<span class=sf-dump-str title=\"14 characters\">ORD-USVZTPQ366</span>\"
    \"<span class=sf-dump-key>user_id</span>\" => <span class=sf-dump-const>null</span>
    \"<span class=sf-dump-key>address_id</span>\" => <span class=sf-dump-const>null</span>
    \"<span class=sf-dump-key>name</span>\" => \"<span class=sf-dump-str title=\"11 characters\">Vikas Verma</span>\"
    \"<span class=sf-dump-key>mobile</span>\" => \"<span class=sf-dump-str title=\"10 characters\">9119857034</span>\"
    \"<span class=sf-dump-key>email</span>\" => <span class=sf-dump-const>null</span>
    \"<span class=sf-dump-key>address</span>\" => \"<span class=sf-dump-str title=\"20 characters\">Satyarthi Dhaam Gali</span>\"
    \"<span class=sf-dump-key>pincode</span>\" => \"<span class=sf-dump-str title=\"6 characters\">226022</span>\"
    \"<span class=sf-dump-key>subtotal</span>\" => \"<span class=sf-dump-str title=\"6 characters\">920.00</span>\"
    \"<span class=sf-dump-key>gst_amount</span>\" => \"<span class=sf-dump-str title=\"4 characters\">0.00</span>\"
    \"<span class=sf-dump-key>shipping_charge</span>\" => \"<span class=sf-dump-str title=\"5 characters\">40.00</span>\"
    \"<span class=sf-dump-key>total_amount</span>\" => \"<span class=sf-dump-str title=\"6 characters\">960.00</span>\"
    \"<span class=sf-dump-key>payment_status</span>\" => \"<span class=sf-dump-str title=\"8 characters\">verified</span>\"
    \"<span class=sf-dump-key>order_status</span>\" => \"<span class=sf-dump-str title=\"9 characters\">confirmed</span>\"
    \"<span class=sf-dump-key>cancellation_remark</span>\" => <span class=sf-dump-const>null</span>
    \"<span class=sf-dump-key>payment_proof</span>\" => <span class=sf-dump-const>null</span>
    \"<span class=sf-dump-key>payment_method</span>\" => \"<span class=sf-dump-str title=\"8 characters\">razorpay</span>\"
    \"<span class=sf-dump-key>razorpay_order_id</span>\" => \"<span class=sf-dump-str title=\"20 characters\">order_RweG6bDNNrRQIi</span>\"
    \"<span class=sf-dump-key>razorpay_payment_id</span>\" => \"<span class=sf-dump-str title=\"18 characters\">pay_RweGFkEhqwlXts</span>\"
    \"<span class=sf-dump-key>tracking_id</span>\" => <span class=sf-dump-const>null</span>
    \"<span class=sf-dump-key>tracking_url</span>\" => <span class=sf-dump-const>null</span>
    \"<span class=sf-dump-key>notes</span>\" => <span class=sf-dump-const>null</span>
    \"<span class=sf-dump-key>created_at</span>\" => \"<span class=sf-dump-str title=\"19 characters\">2025-12-27 18:44:02</span>\"
    \"<span class=sf-dump-key>updated_at</span>\" => \"<span class=sf-dump-str title=\"19 characters\">2025-12-27 18:44:26</span>\"
  </samp>]
  #<span class=sf-dump-protected title=\"Protected property\">changes</span>: []
  #<span class=sf-dump-protected title=\"Protected property\">casts</span>: <span class=sf-dump-note>array:4</span> [<samp data-depth=2 class=sf-dump-compact>
    \"<span class=sf-dump-key>subtotal</span>\" => \"<span class=sf-dump-str title=\"9 characters\">decimal:2</span>\"
    \"<span class=sf-dump-key>gst_amount</span>\" => \"<span class=sf-dump-str title=\"9 characters\">decimal:2</span>\"
    \"<span class=sf-dump-key>shipping_charge</span>\" => \"<span class=sf-dump-str title=\"9 characters\">decimal:2</span>\"
    \"<span class=sf-dump-key>total_amount</span>\" => \"<span class=sf-dump-str title=\"9 characters\">decimal:2</span>\"
  </samp>]
  #<span class=sf-dump-protected title=\"Protected property\">classCastCache</span>: []
  #<span class=sf-dump-protected title=\"Protected property\">attributeCastCache</span>: []
  #<span class=sf-dump-protected title=\"Protected property\">dateFormat</span>: <span class=sf-dump-const>null</span>
  #<span class=sf-dump-protected title=\"Protected property\">appends</span>: []
  #<span class=sf-dump-protected title=\"Protected property\">dispatchesEvents</span>: []
  #<span class=sf-dump-protected title=\"Protected property\">observables</span>: []
  #<span class=sf-dump-protected title=\"Protected property\">relations</span>: <span class=sf-dump-note>array:2</span> [<samp data-depth=2 class=sf-dump-compact>
    \"<span class=sf-dump-key>user</span>\" => <span class=sf-dump-const>null</span>
    \"<span class=sf-dump-key>items</span>\" => <span class=\"sf-dump-note sf-dump-ellipsization\" title=\"Illuminate\\Database\\Eloquent\\Collection
\"><span class=\"sf-dump-ellipsis sf-dump-ellipsis-note\">Illuminate\\Database\\Eloquent</span><span class=\"sf-dump-ellipsis sf-dump-ellipsis-note\">\\</span><span class=\"sf-dump-ellipsis-tail\">Collection</span></span> {<a class=sf-dump-ref>#1209</a><samp data-depth=3 class=sf-dump-compact>
      #<span class=sf-dump-protected title=\"Protected property\">items</span>: <span class=sf-dump-note>array:1</span> [ &#8230;1]
      #<span class=sf-dump-protected title=\"Protected property\">escapeWhenCastingToString</span>: <span class=sf-dump-const>false</span>
    </samp>}
  </samp>]
  #<span class=sf-dump-protected title=\"Protected property\">touches</span>: []
  +<span class=sf-dump-public title=\"Public property\">timestamps</span>: <span class=sf-dump-const>true</span>
  +<span class=sf-dump-public title=\"Public property\">usesUniqueIds</span>: <span class=sf-dump-const>false</span>
  #<span class=sf-dump-protected title=\"Protected property\">hidden</span>: []
  #<span class=sf-dump-protected title=\"Protected property\">visible</span>: []
  #<span class=sf-dump-protected title=\"Protected property\">fillable</span>: <span class=sf-dump-note>array:21</span> [<samp data-depth=2 class=sf-dump-compact>
    <span class=sf-dump-index>0</span> => \"<span class=sf-dump-str title=\"12 characters\">order_number</span>\"
    <span class=sf-dump-index>1</span> => \"<span class=sf-dump-str title=\"7 characters\">user_id</span>\"
    <span class=sf-dump-index>2</span> => \"<span class=sf-dump-str title=\"10 characters\">address_id</span>\"
    <span class=sf-dump-index>3</span> => \"<span class=sf-dump-str title=\"4 characters\">name</span>\"
    <span class=sf-dump-index>4</span> => \"<span class=sf-dump-str title=\"6 characters\">mobile</span>\"
    <span class=sf-dump-index>5</span> => \"<span class=sf-dump-str title=\"5 characters\">email</span>\"
    <span class=sf-dump-index>6</span> => \"<span class=sf-dump-str title=\"7 characters\">address</span>\"
    <span class=sf-dump-index>7</span> => \"<span class=sf-dump-str title=\"7 characters\">pincode</span>\"
    <span class=sf-dump-index>8</span> => \"<span class=sf-dump-str title=\"8 characters\">subtotal</span>\"
    <span class=sf-dump-index>9</span> => \"<span class=sf-dump-str title=\"10 characters\">gst_amount</span>\"
    <span class=sf-dump-index>10</span> => \"<span class=sf-dump-str title=\"15 characters\">shipping_charge</span>\"
    <span class=sf-dump-index>11</span> => \"<span class=sf-dump-str title=\"12 characters\">total_amount</span>\"
    <span class=sf-dump-index>12</span> => \"<span class=sf-dump-str title=\"14 characters\">payment_status</span>\"
    <span class=sf-dump-index>13</span> => \"<span class=sf-dump-str title=\"12 characters\">order_status</span>\"
    <span class=sf-dump-index>14</span> => \"<span class=sf-dump-str title=\"13 characters\">payment_proof</span>\"
    <span class=sf-dump-index>15</span> => \"<span class=sf-dump-str title=\"14 characters\">payment_method</span>\"
    <span class=sf-dump-index>16</span> => \"<span class=sf-dump-str title=\"17 characters\">razorpay_order_id</span>\"
    <span class=sf-dump-index>17</span> => \"<span class=sf-dump-str title=\"19 characters\">razorpay_payment_id</span>\"
    <span class=sf-dump-index>18</span> => \"<span class=sf-dump-str title=\"11 characters\">tracking_id</span>\"
    <span class=sf-dump-index>19</span> => \"<span class=sf-dump-str title=\"12 characters\">tracking_url</span>\"
    <span class=sf-dump-index>20</span> => \"<span class=sf-dump-str title=\"5 characters\">notes</span>\"
  </samp>]
  #<span class=sf-dump-protected title=\"Protected property\">guarded</span>: <span class=sf-dump-note>array:1</span> [<samp data-depth=2 class=sf-dump-compact>
    <span class=sf-dump-index>0</span> => \"<span class=sf-dump-str>*</span>\"
  </samp>]
</samp>}
</pre><script>Sfdump(\"sf-dump-983110482\", {\"maxDepth\":3,\"maxStringLength\":160})</script>
"}},"userId":1,"exception":"[object] (Spatie\\LaravelIgnition\\Exceptions\\ViewException(code: 0): Attempt to read property \"name\" on null at /Users/vikasverma/Projects/suwish/resources/views/invoices/order.blade.php:86)
[stacktrace]
#0 /Users/vikasverma/Projects/suwish/vendor/laravel/framework/src/Illuminate/Filesystem/Filesystem.php(123): require('/Users/vikasver...')
#1 /Users/vikasverma/Projects/suwish/vendor/laravel/framework/src/Illuminate/Filesystem/Filesystem.php(124): Illuminate\\Filesystem\\Filesystem::Illuminate\\Filesystem\\{closure}()
#2 /Users/vikasverma/Projects/suwish/vendor/laravel/framework/src/Illuminate/View/Engines/PhpEngine.php(58): Illuminate\\Filesystem\\Filesystem->getRequire('/Users/vikasver...', Array)
#3 /Users/vikasverma/Projects/suwish/vendor/laravel/framework/src/Illuminate/View/Engines/CompilerEngine.php(72): Illuminate\\View\\Engines\\PhpEngine->evaluatePath('/Users/vikasver...', Array)
#4 /Users/vikasverma/Projects/suwish/vendor/laravel/framework/src/Illuminate/View/View.php(207): Illuminate\\View\\Engines\\CompilerEngine->get('/Users/vikasver...', Array)
#5 /Users/vikasverma/Projects/suwish/vendor/laravel/framework/src/Illuminate/View/View.php(190): Illuminate\\View\\View->getContents()
#6 /Users/vikasverma/Projects/suwish/vendor/laravel/framework/src/Illuminate/View/View.php(159): Illuminate\\View\\View->renderContents()
#7 /Users/vikasverma/Projects/suwish/vendor/laravel/framework/src/Illuminate/Http/Response.php(69): Illuminate\\View\\View->render()
#8 /Users/vikasverma/Projects/suwish/vendor/laravel/framework/src/Illuminate/Http/Response.php(35): Illuminate\\Http\\Response->setContent(Object(Illuminate\\View\\View))
#9 /Users/vikasverma/Projects/suwish/vendor/laravel/framework/src/Illuminate/Routing/Router.php(918): Illuminate\\Http\\Response->__construct(Object(Illuminate\\View\\View), 200, Array)
#10 /Users/vikasverma/Projects/suwish/vendor/laravel/framework/src/Illuminate/Routing/Router.php(885): Illuminate\\Routing\\Router::toResponse(Object(Illuminate\\Http\\Request), Object(Illuminate\\View\\View))
#11 /Users/vikasverma/Projects/suwish/vendor/laravel/framework/src/Illuminate/Routing/Router.php(805): Illuminate\\Routing\\Router->prepareResponse(Object(Illuminate\\Http\\Request), Object(Illuminate\\View\\View))
#12 /Users/vikasverma/Projects/suwish/vendor/laravel/framework/src/Illuminate/Pipeline/Pipeline.php(144): Illuminate\\Routing\\Router->Illuminate\\Routing\\{closure}(Object(Illuminate\\Http\\Request))
#13 /Users/vikasverma/Projects/suwish/vendor/laravel/framework/src/Illuminate/Routing/Middleware/SubstituteBindings.php(50): Illuminate\\Pipeline\\Pipeline->Illuminate\\Pipeline\\{closure}(Object(Illuminate\\Http\\Request))
#14 /Users/vikasverma/Projects/suwish/vendor/laravel/framework/src/Illuminate/Pipeline/Pipeline.php(183): Illuminate\\Routing\\Middleware\\SubstituteBindings->handle(Object(Illuminate\\Http\\Request), Object(Closure))
#15 /Users/vikasverma/Projects/suwish/vendor/laravel/framework/src/Illuminate/Auth/Middleware/Authenticate.php(57): Illuminate\\Pipeline\\Pipeline->Illuminate\\Pipeline\\{closure}(Object(Illuminate\\Http\\Request))
#16 /Users/vikasverma/Projects/suwish/vendor/laravel/framework/src/Illuminate/Pipeline/Pipeline.php(183): Illuminate\\Auth\\Middleware\\Authenticate->handle(Object(Illuminate\\Http\\Request), Object(Closure))
#17 /Users/vikasverma/Projects/suwish/vendor/laravel/framework/src/Illuminate/Foundation/Http/Middleware/VerifyCsrfToken.php(78): Illuminate\\Pipeline\\Pipeline->Illuminate\\Pipeline\\{closure}(Object(Illuminate\\Http\\Request))
#18 /Users/vikasverma/Projects/suwish/vendor/laravel/framework/src/Illuminate/Pipeline/Pipeline.php(183): Illuminate\\Foundation\\Http\\Middleware\\VerifyCsrfToken->handle(Object(Illuminate\\Http\\Request), Object(Closure))
#19 /Users/vikasverma/Projects/suwish/vendor/laravel/framework/src/Illuminate/View/Middleware/ShareErrorsFromSession.php(49): Illuminate\\Pipeline\\Pipeline->Illuminate\\Pipeline\\{closure}(Object(Illuminate\\Http\\Request))
#20 /Users/vikasverma/Projects/suwish/vendor/laravel/framework/src/Illuminate/Pipeline/Pipeline.php(183): Illuminate\\View\\Middleware\\ShareErrorsFromSession->handle(Object(Illuminate\\Http\\Request), Object(Closure))
#21 /Users/vikasverma/Projects/suwish/vendor/laravel/framework/src/Illuminate/Session/Middleware/StartSession.php(121): Illuminate\\Pipeline\\Pipeline->Illuminate\\Pipeline\\{closure}(Object(Illuminate\\Http\\Request))
#22 /Users/vikasverma/Projects/suwish/vendor/laravel/framework/src/Illuminate/Session/Middleware/StartSession.php(64): Illuminate\\Session\\Middleware\\StartSession->handleStatefulRequest(Object(Illuminate\\Http\\Request), Object(Illuminate\\Session\\Store), Object(Closure))
#23 /Users/vikasverma/Projects/suwish/vendor/laravel/framework/src/Illuminate/Pipeline/Pipeline.php(183): Illuminate\\Session\\Middleware\\StartSession->handle(Object(Illuminate\\Http\\Request), Object(Closure))
#24 /Users/vikasverma/Projects/suwish/vendor/laravel/framework/src/Illuminate/Cookie/Middleware/AddQueuedCookiesToResponse.php(37): Illuminate\\Pipeline\\Pipeline->Illuminate\\Pipeline\\{closure}(Object(Illuminate\\Http\\Request))
#25 /Users/vikasverma/Projects/suwish/vendor/laravel/framework/src/Illuminate/Pipeline/Pipeline.php(183): Illuminate\\Cookie\\Middleware\\AddQueuedCookiesToResponse->handle(Object(Illuminate\\Http\\Request), Object(Closure))
#26 /Users/vikasverma/Projects/suwish/vendor/laravel/framework/src/Illuminate/Cookie/Middleware/EncryptCookies.php(67): Illuminate\\Pipeline\\Pipeline->Illuminate\\Pipeline\\{closure}(Object(Illuminate\\Http\\Request))
#27 /Users/vikasverma/Projects/suwish/vendor/laravel/framework/src/Illuminate/Pipeline/Pipeline.php(183): Illuminate\\Cookie\\Middleware\\EncryptCookies->handle(Object(Illuminate\\Http\\Request), Object(Closure))
#28 /Users/vikasverma/Projects/suwish/vendor/laravel/framework/src/Illuminate/Pipeline/Pipeline.php(119): Illuminate\\Pipeline\\Pipeline->Illuminate\\Pipeline\\{closure}(Object(Illuminate\\Http\\Request))
#29 /Users/vikasverma/Projects/suwish/vendor/laravel/framework/src/Illuminate/Routing/Router.php(805): Illuminate\\Pipeline\\Pipeline->then(Object(Closure))
#30 /Users/vikasverma/Projects/suwish/vendor/laravel/framework/src/Illuminate/Routing/Router.php(784): Illuminate\\Routing\\Router->runRouteWithinStack(Object(Illuminate\\Routing\\Route), Object(Illuminate\\Http\\Request))
#31 /Users/vikasverma/Projects/suwish/vendor/laravel/framework/src/Illuminate/Routing/Router.php(748): Illuminate\\Routing\\Router->runRoute(Object(Illuminate\\Http\\Request), Object(Illuminate\\Routing\\Route))
#32 /Users/vikasverma/Projects/suwish/vendor/laravel/framework/src/Illuminate/Routing/Router.php(737): Illuminate\\Routing\\Router->dispatchToRoute(Object(Illuminate\\Http\\Request))
#33 /Users/vikasverma/Projects/suwish/vendor/laravel/framework/src/Illuminate/Foundation/Http/Kernel.php(200): Illuminate\\Routing\\Router->dispatch(Object(Illuminate\\Http\\Request))
#34 /Users/vikasverma/Projects/suwish/vendor/laravel/framework/src/Illuminate/Pipeline/Pipeline.php(144): Illuminate\\Foundation\\Http\\Kernel->Illuminate\\Foundation\\Http\\{closure}(Object(Illuminate\\Http\\Request))
#35 /Users/vikasverma/Projects/suwish/vendor/laravel/framework/src/Illuminate/Foundation/Http/Middleware/TransformsRequest.php(21): Illuminate\\Pipeline\\Pipeline->Illuminate\\Pipeline\\{closure}(Object(Illuminate\\Http\\Request))
#36 /Users/vikasverma/Projects/suwish/vendor/laravel/framework/src/Illuminate/Foundation/Http/Middleware/ConvertEmptyStringsToNull.php(31): Illuminate\\Foundation\\Http\\Middleware\\TransformsRequest->handle(Object(Illuminate\\Http\\Request), Object(Closure))
#37 /Users/vikasverma/Projects/suwish/vendor/laravel/framework/src/Illuminate/Pipeline/Pipeline.php(183): Illuminate\\Foundation\\Http\\Middleware\\ConvertEmptyStringsToNull->handle(Object(Illuminate\\Http\\Request), Object(Closure))
#38 /Users/vikasverma/Projects/suwish/vendor/laravel/framework/src/Illuminate/Foundation/Http/Middleware/TransformsRequest.php(21): Illuminate\\Pipeline\\Pipeline->Illuminate\\Pipeline\\{closure}(Object(Illuminate\\Http\\Request))
#39 /Users/vikasverma/Projects/suwish/vendor/laravel/framework/src/Illuminate/Foundation/Http/Middleware/TrimStrings.php(40): Illuminate\\Foundation\\Http\\Middleware\\TransformsRequest->handle(Object(Illuminate\\Http\\Request), Object(Closure))
#40 /Users/vikasverma/Projects/suwish/vendor/laravel/framework/src/Illuminate/Pipeline/Pipeline.php(183): Illuminate\\Foundation\\Http\\Middleware\\TrimStrings->handle(Object(Illuminate\\Http\\Request), Object(Closure))
#41 /Users/vikasverma/Projects/suwish/vendor/laravel/framework/src/Illuminate/Foundation/Http/Middleware/ValidatePostSize.php(27): Illuminate\\Pipeline\\Pipeline->Illuminate\\Pipeline\\{closure}(Object(Illuminate\\Http\\Request))
#42 /Users/vikasverma/Projects/suwish/vendor/laravel/framework/src/Illuminate/Pipeline/Pipeline.php(183): Illuminate\\Foundation\\Http\\Middleware\\ValidatePostSize->handle(Object(Illuminate\\Http\\Request), Object(Closure))
#43 /Users/vikasverma/Projects/suwish/vendor/laravel/framework/src/Illuminate/Foundation/Http/Middleware/PreventRequestsDuringMaintenance.php(99): Illuminate\\Pipeline\\Pipeline->Illuminate\\Pipeline\\{closure}(Object(Illuminate\\Http\\Request))
#44 /Users/vikasverma/Projects/suwish/vendor/laravel/framework/src/Illuminate/Pipeline/Pipeline.php(183): Illuminate\\Foundation\\Http\\Middleware\\PreventRequestsDuringMaintenance->handle(Object(Illuminate\\Http\\Request), Object(Closure))
#45 /Users/vikasverma/Projects/suwish/vendor/laravel/framework/src/Illuminate/Http/Middleware/HandleCors.php(49): Illuminate\\Pipeline\\Pipeline->Illuminate\\Pipeline\\{closure}(Object(Illuminate\\Http\\Request))
#46 /Users/vikasverma/Projects/suwish/vendor/laravel/framework/src/Illuminate/Pipeline/Pipeline.php(183): Illuminate\\Http\\Middleware\\HandleCors->handle(Object(Illuminate\\Http\\Request), Object(Closure))
#47 /Users/vikasverma/Projects/suwish/vendor/laravel/framework/src/Illuminate/Http/Middleware/TrustProxies.php(39): Illuminate\\Pipeline\\Pipeline->Illuminate\\Pipeline\\{closure}(Object(Illuminate\\Http\\Request))
#48 /Users/vikasverma/Projects/suwish/vendor/laravel/framework/src/Illuminate/Pipeline/Pipeline.php(183): Illuminate\\Http\\Middleware\\TrustProxies->handle(Object(Illuminate\\Http\\Request), Object(Closure))
#49 /Users/vikasverma/Projects/suwish/vendor/laravel/framework/src/Illuminate/Pipeline/Pipeline.php(119): Illuminate\\Pipeline\\Pipeline->Illuminate\\Pipeline\\{closure}(Object(Illuminate\\Http\\Request))
#50 /Users/vikasverma/Projects/suwish/vendor/laravel/framework/src/Illuminate/Foundation/Http/Kernel.php(175): Illuminate\\Pipeline\\Pipeline->then(Object(Closure))
#51 /Users/vikasverma/Projects/suwish/vendor/laravel/framework/src/Illuminate/Foundation/Http/Kernel.php(144): Illuminate\\Foundation\\Http\\Kernel->sendRequestThroughRouter(Object(Illuminate\\Http\\Request))
#52 /Users/vikasverma/Projects/suwish/public/index.php(36): Illuminate\\Foundation\\Http\\Kernel->handle(Object(Illuminate\\Http\\Request))
#53 /Users/vikasverma/Projects/suwish/vendor/laravel/framework/src/Illuminate/Foundation/resources/server.php(16): require_once('/Users/vikasver...')
#54 {main}

[previous exception] [object] (ErrorException(code: 0): Attempt to read property \"name\" on null at /Users/vikasverma/Projects/suwish/storage/framework/views/102aa30ee9917f41fa547099079acf65.php:87)
[stacktrace]
#0 /Users/vikasverma/Projects/suwish/vendor/laravel/framework/src/Illuminate/Foundation/Bootstrap/HandleExceptions.php(255): Illuminate\\Foundation\\Bootstrap\\HandleExceptions->handleError(2, 'Attempt to read...', '/Users/vikasver...', 87)
#1 /Users/vikasverma/Projects/suwish/storage/framework/views/102aa30ee9917f41fa547099079acf65.php(87): Illuminate\\Foundation\\Bootstrap\\HandleExceptions->Illuminate\\Foundation\\Bootstrap\\{closure}(2, 'Attempt to read...', '/Users/vikasver...', 87)
#2 /Users/vikasverma/Projects/suwish/vendor/laravel/framework/src/Illuminate/Filesystem/Filesystem.php(123): require('/Users/vikasver...')
#3 /Users/vikasverma/Projects/suwish/vendor/laravel/framework/src/Illuminate/Filesystem/Filesystem.php(124): Illuminate\\Filesystem\\Filesystem::Illuminate\\Filesystem\\{closure}()
#4 /Users/vikasverma/Projects/suwish/vendor/laravel/framework/src/Illuminate/View/Engines/PhpEngine.php(58): Illuminate\\Filesystem\\Filesystem->getRequire('/Users/vikasver...', Array)
#5 /Users/vikasverma/Projects/suwish/vendor/laravel/framework/src/Illuminate/View/Engines/CompilerEngine.php(72): Illuminate\\View\\Engines\\PhpEngine->evaluatePath('/Users/vikasver...', Array)
#6 /Users/vikasverma/Projects/suwish/vendor/laravel/framework/src/Illuminate/View/View.php(207): Illuminate\\View\\Engines\\CompilerEngine->get('/Users/vikasver...', Array)
#7 /Users/vikasverma/Projects/suwish/vendor/laravel/framework/src/Illuminate/View/View.php(190): Illuminate\\View\\View->getContents()
#8 /Users/vikasverma/Projects/suwish/vendor/laravel/framework/src/Illuminate/View/View.php(159): Illuminate\\View\\View->renderContents()
#9 /Users/vikasverma/Projects/suwish/vendor/laravel/framework/src/Illuminate/Http/Response.php(69): Illuminate\\View\\View->render()
#10 /Users/vikasverma/Projects/suwish/vendor/laravel/framework/src/Illuminate/Http/Response.php(35): Illuminate\\Http\\Response->setContent(Object(Illuminate\\View\\View))
#11 /Users/vikasverma/Projects/suwish/vendor/laravel/framework/src/Illuminate/Routing/Router.php(918): Illuminate\\Http\\Response->__construct(Object(Illuminate\\View\\View), 200, Array)
#12 /Users/vikasverma/Projects/suwish/vendor/laravel/framework/src/Illuminate/Routing/Router.php(885): Illuminate\\Routing\\Router::toResponse(Object(Illuminate\\Http\\Request), Object(Illuminate\\View\\View))
#13 /Users/vikasverma/Projects/suwish/vendor/laravel/framework/src/Illuminate/Routing/Router.php(805): Illuminate\\Routing\\Router->prepareResponse(Object(Illuminate\\Http\\Request), Object(Illuminate\\View\\View))
#14 /Users/vikasverma/Projects/suwish/vendor/laravel/framework/src/Illuminate/Pipeline/Pipeline.php(144): Illuminate\\Routing\\Router->Illuminate\\Routing\\{closure}(Object(Illuminate\\Http\\Request))
#15 /Users/vikasverma/Projects/suwish/vendor/laravel/framework/src/Illuminate/Routing/Middleware/SubstituteBindings.php(50): Illuminate\\Pipeline\\Pipeline->Illuminate\\Pipeline\\{closure}(Object(Illuminate\\Http\\Request))
#16 /Users/vikasverma/Projects/suwish/vendor/laravel/framework/src/Illuminate/Pipeline/Pipeline.php(183): Illuminate\\Routing\\Middleware\\SubstituteBindings->handle(Object(Illuminate\\Http\\Request), Object(Closure))
#17 /Users/vikasverma/Projects/suwish/vendor/laravel/framework/src/Illuminate/Auth/Middleware/Authenticate.php(57): Illuminate\\Pipeline\\Pipeline->Illuminate\\Pipeline\\{closure}(Object(Illuminate\\Http\\Request))
#18 /Users/vikasverma/Projects/suwish/vendor/laravel/framework/src/Illuminate/Pipeline/Pipeline.php(183): Illuminate\\Auth\\Middleware\\Authenticate->handle(Object(Illuminate\\Http\\Request), Object(Closure))
#19 /Users/vikasverma/Projects/suwish/vendor/laravel/framework/src/Illuminate/Foundation/Http/Middleware/VerifyCsrfToken.php(78): Illuminate\\Pipeline\\Pipeline->Illuminate\\Pipeline\\{closure}(Object(Illuminate\\Http\\Request))
#20 /Users/vikasverma/Projects/suwish/vendor/laravel/framework/src/Illuminate/Pipeline/Pipeline.php(183): Illuminate\\Foundation\\Http\\Middleware\\VerifyCsrfToken->handle(Object(Illuminate\\Http\\Request), Object(Closure))
#21 /Users/vikasverma/Projects/suwish/vendor/laravel/framework/src/Illuminate/View/Middleware/ShareErrorsFromSession.php(49): Illuminate\\Pipeline\\Pipeline->Illuminate\\Pipeline\\{closure}(Object(Illuminate\\Http\\Request))
#22 /Users/vikasverma/Projects/suwish/vendor/laravel/framework/src/Illuminate/Pipeline/Pipeline.php(183): Illuminate\\View\\Middleware\\ShareErrorsFromSession->handle(Object(Illuminate\\Http\\Request), Object(Closure))
#23 /Users/vikasverma/Projects/suwish/vendor/laravel/framework/src/Illuminate/Session/Middleware/StartSession.php(121): Illuminate\\Pipeline\\Pipeline->Illuminate\\Pipeline\\{closure}(Object(Illuminate\\Http\\Request))
#24 /Users/vikasverma/Projects/suwish/vendor/laravel/framework/src/Illuminate/Session/Middleware/StartSession.php(64): Illuminate\\Session\\Middleware\\StartSession->handleStatefulRequest(Object(Illuminate\\Http\\Request), Object(Illuminate\\Session\\Store), Object(Closure))
#25 /Users/vikasverma/Projects/suwish/vendor/laravel/framework/src/Illuminate/Pipeline/Pipeline.php(183): Illuminate\\Session\\Middleware\\StartSession->handle(Object(Illuminate\\Http\\Request), Object(Closure))
#26 /Users/vikasverma/Projects/suwish/vendor/laravel/framework/src/Illuminate/Cookie/Middleware/AddQueuedCookiesToResponse.php(37): Illuminate\\Pipeline\\Pipeline->Illuminate\\Pipeline\\{closure}(Object(Illuminate\\Http\\Request))
#27 /Users/vikasverma/Projects/suwish/vendor/laravel/framework/src/Illuminate/Pipeline/Pipeline.php(183): Illuminate\\Cookie\\Middleware\\AddQueuedCookiesToResponse->handle(Object(Illuminate\\Http\\Request), Object(Closure))
#28 /Users/vikasverma/Projects/suwish/vendor/laravel/framework/src/Illuminate/Cookie/Middleware/EncryptCookies.php(67): Illuminate\\Pipeline\\Pipeline->Illuminate\\Pipeline\\{closure}(Object(Illuminate\\Http\\Request))
#29 /Users/vikasverma/Projects/suwish/vendor/laravel/framework/src/Illuminate/Pipeline/Pipeline.php(183): Illuminate\\Cookie\\Middleware\\EncryptCookies->handle(Object(Illuminate\\Http\\Request), Object(Closure))
#30 /Users/vikasverma/Projects/suwish/vendor/laravel/framework/src/Illuminate/Pipeline/Pipeline.php(119): Illuminate\\Pipeline\\Pipeline->Illuminate\\Pipeline\\{closure}(Object(Illuminate\\Http\\Request))
#31 /Users/vikasverma/Projects/suwish/vendor/laravel/framework/src/Illuminate/Routing/Router.php(805): Illuminate\\Pipeline\\Pipeline->then(Object(Closure))
#32 /Users/vikasverma/Projects/suwish/vendor/laravel/framework/src/Illuminate/Routing/Router.php(784): Illuminate\\Routing\\Router->runRouteWithinStack(Object(Illuminate\\Routing\\Route), Object(Illuminate\\Http\\Request))
#33 /Users/vikasverma/Projects/suwish/vendor/laravel/framework/src/Illuminate/Routing/Router.php(748): Illuminate\\Routing\\Router->runRoute(Object(Illuminate\\Http\\Request), Object(Illuminate\\Routing\\Route))
#34 /Users/vikasverma/Projects/suwish/vendor/laravel/framework/src/Illuminate/Routing/Router.php(737): Illuminate\\Routing\\Router->dispatchToRoute(Object(Illuminate\\Http\\Request))
#35 /Users/vikasverma/Projects/suwish/vendor/laravel/framework/src/Illuminate/Foundation/Http/Kernel.php(200): Illuminate\\Routing\\Router->dispatch(Object(Illuminate\\Http\\Request))
#36 /Users/vikasverma/Projects/suwish/vendor/laravel/framework/src/Illuminate/Pipeline/Pipeline.php(144): Illuminate\\Foundation\\Http\\Kernel->Illuminate\\Foundation\\Http\\{closure}(Object(Illuminate\\Http\\Request))
#37 /Users/vikasverma/Projects/suwish/vendor/laravel/framework/src/Illuminate/Foundation/Http/Middleware/TransformsRequest.php(21): Illuminate\\Pipeline\\Pipeline->Illuminate\\Pipeline\\{closure}(Object(Illuminate\\Http\\Request))
#38 /Users/vikasverma/Projects/suwish/vendor/laravel/framework/src/Illuminate/Foundation/Http/Middleware/ConvertEmptyStringsToNull.php(31): Illuminate\\Foundation\\Http\\Middleware\\TransformsRequest->handle(Object(Illuminate\\Http\\Request), Object(Closure))
#39 /Users/vikasverma/Projects/suwish/vendor/laravel/framework/src/Illuminate/Pipeline/Pipeline.php(183): Illuminate\\Foundation\\Http\\Middleware\\ConvertEmptyStringsToNull->handle(Object(Illuminate\\Http\\Request), Object(Closure))
#40 /Users/vikasverma/Projects/suwish/vendor/laravel/framework/src/Illuminate/Foundation/Http/Middleware/TransformsRequest.php(21): Illuminate\\Pipeline\\Pipeline->Illuminate\\Pipeline\\{closure}(Object(Illuminate\\Http\\Request))
#41 /Users/vikasverma/Projects/suwish/vendor/laravel/framework/src/Illuminate/Foundation/Http/Middleware/TrimStrings.php(40): Illuminate\\Foundation\\Http\\Middleware\\TransformsRequest->handle(Object(Illuminate\\Http\\Request), Object(Closure))
#42 /Users/vikasverma/Projects/suwish/vendor/laravel/framework/src/Illuminate/Pipeline/Pipeline.php(183): Illuminate\\Foundation\\Http\\Middleware\\TrimStrings->handle(Object(Illuminate\\Http\\Request), Object(Closure))
#43 /Users/vikasverma/Projects/suwish/vendor/laravel/framework/src/Illuminate/Foundation/Http/Middleware/ValidatePostSize.php(27): Illuminate\\Pipeline\\Pipeline->Illuminate\\Pipeline\\{closure}(Object(Illuminate\\Http\\Request))
#44 /Users/vikasverma/Projects/suwish/vendor/laravel/framework/src/Illuminate/Pipeline/Pipeline.php(183): Illuminate\\Foundation\\Http\\Middleware\\ValidatePostSize->handle(Object(Illuminate\\Http\\Request), Object(Closure))
#45 /Users/vikasverma/Projects/suwish/vendor/laravel/framework/src/Illuminate/Foundation/Http/Middleware/PreventRequestsDuringMaintenance.php(99): Illuminate\\Pipeline\\Pipeline->Illuminate\\Pipeline\\{closure}(Object(Illuminate\\Http\\Request))
#46 /Users/vikasverma/Projects/suwish/vendor/laravel/framework/src/Illuminate/Pipeline/Pipeline.php(183): Illuminate\\Foundation\\Http\\Middleware\\PreventRequestsDuringMaintenance->handle(Object(Illuminate\\Http\\Request), Object(Closure))
#47 /Users/vikasverma/Projects/suwish/vendor/laravel/framework/src/Illuminate/Http/Middleware/HandleCors.php(49): Illuminate\\Pipeline\\Pipeline->Illuminate\\Pipeline\\{closure}(Object(Illuminate\\Http\\Request))
#48 /Users/vikasverma/Projects/suwish/vendor/laravel/framework/src/Illuminate/Pipeline/Pipeline.php(183): Illuminate\\Http\\Middleware\\HandleCors->handle(Object(Illuminate\\Http\\Request), Object(Closure))
#49 /Users/vikasverma/Projects/suwish/vendor/laravel/framework/src/Illuminate/Http/Middleware/TrustProxies.php(39): Illuminate\\Pipeline\\Pipeline->Illuminate\\Pipeline\\{closure}(Object(Illuminate\\Http\\Request))
#50 /Users/vikasverma/Projects/suwish/vendor/laravel/framework/src/Illuminate/Pipeline/Pipeline.php(183): Illuminate\\Http\\Middleware\\TrustProxies->handle(Object(Illuminate\\Http\\Request), Object(Closure))
#51 /Users/vikasverma/Projects/suwish/vendor/laravel/framework/src/Illuminate/Pipeline/Pipeline.php(119): Illuminate\\Pipeline\\Pipeline->Illuminate\\Pipeline\\{closure}(Object(Illuminate\\Http\\Request))
#52 /Users/vikasverma/Projects/suwish/vendor/laravel/framework/src/Illuminate/Foundation/Http/Kernel.php(175): Illuminate\\Pipeline\\Pipeline->then(Object(Closure))
#53 /Users/vikasverma/Projects/suwish/vendor/laravel/framework/src/Illuminate/Foundation/Http/Kernel.php(144): Illuminate\\Foundation\\Http\\Kernel->sendRequestThroughRouter(Object(Illuminate\\Http\\Request))
#54 /Users/vikasverma/Projects/suwish/public/index.php(36): Illuminate\\Foundation\\Http\\Kernel->handle(Object(Illuminate\\Http\\Request))
#55 /Users/vikasverma/Projects/suwish/vendor/laravel/framework/src/Illuminate/Foundation/resources/server.php(16): require_once('/Users/vikasver...')
#56 {main}
"} 
[2025-12-27 18:47:23] laravel.EMERGENCY: Unable to create configured logger. Using emergency logger. {"exception":"[object] (InvalidArgumentException(code: 0): Log [] is not defined. at /Users/vikasverma/Projects/suwish/vendor/laravel/framework/src/Illuminate/Log/LogManager.php:212)
[stacktrace]
#0 /Users/vikasverma/Projects/suwish/vendor/laravel/framework/src/Illuminate/Log/LogManager.php(137): Illuminate\\Log\\LogManager->resolve(NULL, NULL)
#1 /Users/vikasverma/Projects/suwish/vendor/laravel/framework/src/Illuminate/Log/LogManager.php(124): Illuminate\\Log\\LogManager->get(NULL)
#2 /Users/vikasverma/Projects/suwish/vendor/laravel/framework/src/Illuminate/Log/LogManager.php(681): Illuminate\\Log\\LogManager->driver()
#3 /Users/vikasverma/Projects/suwish/vendor/laravel/framework/src/Illuminate/Foundation/Exceptions/Handler.php(317): Illuminate\\Log\\LogManager->error('Attempt to read...', Array)
#4 /Users/vikasverma/Projects/suwish/vendor/laravel/framework/src/Illuminate/Foundation/Exceptions/Handler.php(278): Illuminate\\Foundation\\Exceptions\\Handler->reportThrowable(Object(Spatie\\LaravelIgnition\\Exceptions\\ViewException))
#5 /Users/vikasverma/Projects/suwish/vendor/laravel/framework/src/Illuminate/Routing/Pipeline.php(49): Illuminate\\Foundation\\Exceptions\\Handler->report(Object(Spatie\\LaravelIgnition\\Exceptions\\ViewException))
#6 /Users/vikasverma/Projects/suwish/vendor/laravel/framework/src/Illuminate/Pipeline/Pipeline.php(146): Illuminate\\Routing\\Pipeline->handleException(Object(Illuminate\\Http\\Request), Object(Illuminate\\View\\ViewException))
#7 /Users/vikasverma/Projects/suwish/vendor/laravel/framework/src/Illuminate/Routing/Middleware/SubstituteBindings.php(50): Illuminate\\Pipeline\\Pipeline->Illuminate\\Pipeline\\{closure}(Object(Illuminate\\Http\\Request))
#8 /Users/vikasverma/Projects/suwish/vendor/laravel/framework/src/Illuminate/Pipeline/Pipeline.php(183): Illuminate\\Routing\\Middleware\\SubstituteBindings->handle(Object(Illuminate\\Http\\Request), Object(Closure))
#9 /Users/vikasverma/Projects/suwish/vendor/laravel/framework/src/Illuminate/Auth/Middleware/Authenticate.php(57): Illuminate\\Pipeline\\Pipeline->Illuminate\\Pipeline\\{closure}(Object(Illuminate\\Http\\Request))
#10 /Users/vikasverma/Projects/suwish/vendor/laravel/framework/src/Illuminate/Pipeline/Pipeline.php(183): Illuminate\\Auth\\Middleware\\Authenticate->handle(Object(Illuminate\\Http\\Request), Object(Closure))
#11 /Users/vikasverma/Projects/suwish/vendor/laravel/framework/src/Illuminate/Foundation/Http/Middleware/VerifyCsrfToken.php(78): Illuminate\\Pipeline\\Pipeline->Illuminate\\Pipeline\\{closure}(Object(Illuminate\\Http\\Request))
#12 /Users/vikasverma/Projects/suwish/vendor/laravel/framework/src/Illuminate/Pipeline/Pipeline.php(183): Illuminate\\Foundation\\Http\\Middleware\\VerifyCsrfToken->handle(Object(Illuminate\\Http\\Request), Object(Closure))
#13 /Users/vikasverma/Projects/suwish/vendor/laravel/framework/src/Illuminate/View/Middleware/ShareErrorsFromSession.php(49): Illuminate\\Pipeline\\Pipeline->Illuminate\\Pipeline\\{closure}(Object(Illuminate\\Http\\Request))
#14 /Users/vikasverma/Projects/suwish/vendor/laravel/framework/src/Illuminate/Pipeline/Pipeline.php(183): Illuminate\\View\\Middleware\\ShareErrorsFromSession->handle(Object(Illuminate\\Http\\Request), Object(Closure))
#15 /Users/vikasverma/Projects/suwish/vendor/laravel/framework/src/Illuminate/Session/Middleware/StartSession.php(121): Illuminate\\Pipeline\\Pipeline->Illuminate\\Pipeline\\{closure}(Object(Illuminate\\Http\\Request))
#16 /Users/vikasverma/Projects/suwish/vendor/laravel/framework/src/Illuminate/Session/Middleware/StartSession.php(64): Illuminate\\Session\\Middleware\\StartSession->handleStatefulRequest(Object(Illuminate\\Http\\Request), Object(Illuminate\\Session\\Store), Object(Closure))
#17 /Users/vikasverma/Projects/suwish/vendor/laravel/framework/src/Illuminate/Pipeline/Pipeline.php(183): Illuminate\\Session\\Middleware\\StartSession->handle(Object(Illuminate\\Http\\Request), Object(Closure))
#18 /Users/vikasverma/Projects/suwish/vendor/laravel/framework/src/Illuminate/Cookie/Middleware/AddQueuedCookiesToResponse.php(37): Illuminate\\Pipeline\\Pipeline->Illuminate\\Pipeline\\{closure}(Object(Illuminate\\Http\\Request))
#19 /Users/vikasverma/Projects/suwish/vendor/laravel/framework/src/Illuminate/Pipeline/Pipeline.php(183): Illuminate\\Cookie\\Middleware\\AddQueuedCookiesToResponse->handle(Object(Illuminate\\Http\\Request), Object(Closure))
#20 /Users/vikasverma/Projects/suwish/vendor/laravel/framework/src/Illuminate/Cookie/Middleware/EncryptCookies.php(67): Illuminate\\Pipeline\\Pipeline->Illuminate\\Pipeline\\{closure}(Object(Illuminate\\Http\\Request))
#21 /Users/vikasverma/Projects/suwish/vendor/laravel/framework/src/Illuminate/Pipeline/Pipeline.php(183): Illuminate\\Cookie\\Middleware\\EncryptCookies->handle(Object(Illuminate\\Http\\Request), Object(Closure))
#22 /Users/vikasverma/Projects/suwish/vendor/laravel/framework/src/Illuminate/Pipeline/Pipeline.php(119): Illuminate\\Pipeline\\Pipeline->Illuminate\\Pipeline\\{closure}(Object(Illuminate\\Http\\Request))
#23 /Users/vikasverma/Projects/suwish/vendor/laravel/framework/src/Illuminate/Routing/Router.php(805): Illuminate\\Pipeline\\Pipeline->then(Object(Closure))
#24 /Users/vikasverma/Projects/suwish/vendor/laravel/framework/src/Illuminate/Routing/Router.php(784): Illuminate\\Routing\\Router->runRouteWithinStack(Object(Illuminate\\Routing\\Route), Object(Illuminate\\Http\\Request))
#25 /Users/vikasverma/Projects/suwish/vendor/laravel/framework/src/Illuminate/Routing/Router.php(748): Illuminate\\Routing\\Router->runRoute(Object(Illuminate\\Http\\Request), Object(Illuminate\\Routing\\Route))
#26 /Users/vikasverma/Projects/suwish/vendor/laravel/framework/src/Illuminate/Routing/Router.php(737): Illuminate\\Routing\\Router->dispatchToRoute(Object(Illuminate\\Http\\Request))
#27 /Users/vikasverma/Projects/suwish/vendor/laravel/framework/src/Illuminate/Foundation/Http/Kernel.php(200): Illuminate\\Routing\\Router->dispatch(Object(Illuminate\\Http\\Request))
#28 /Users/vikasverma/Projects/suwish/vendor/laravel/framework/src/Illuminate/Pipeline/Pipeline.php(144): Illuminate\\Foundation\\Http\\Kernel->Illuminate\\Foundation\\Http\\{closure}(Object(Illuminate\\Http\\Request))
#29 /Users/vikasverma/Projects/suwish/vendor/laravel/framework/src/Illuminate/Foundation/Http/Middleware/TransformsRequest.php(21): Illuminate\\Pipeline\\Pipeline->Illuminate\\Pipeline\\{closure}(Object(Illuminate\\Http\\Request))
#30 /Users/vikasverma/Projects/suwish/vendor/laravel/framework/src/Illuminate/Foundation/Http/Middleware/ConvertEmptyStringsToNull.php(31): Illuminate\\Foundation\\Http\\Middleware\\TransformsRequest->handle(Object(Illuminate\\Http\\Request), Object(Closure))
#31 /Users/vikasverma/Projects/suwish/vendor/laravel/framework/src/Illuminate/Pipeline/Pipeline.php(183): Illuminate\\Foundation\\Http\\Middleware\\ConvertEmptyStringsToNull->handle(Object(Illuminate\\Http\\Request), Object(Closure))
#32 /Users/vikasverma/Projects/suwish/vendor/laravel/framework/src/Illuminate/Foundation/Http/Middleware/TransformsRequest.php(21): Illuminate\\Pipeline\\Pipeline->Illuminate\\Pipeline\\{closure}(Object(Illuminate\\Http\\Request))
#33 /Users/vikasverma/Projects/suwish/vendor/laravel/framework/src/Illuminate/Foundation/Http/Middleware/TrimStrings.php(40): Illuminate\\Foundation\\Http\\Middleware\\TransformsRequest->handle(Object(Illuminate\\Http\\Request), Object(Closure))
#34 /Users/vikasverma/Projects/suwish/vendor/laravel/framework/src/Illuminate/Pipeline/Pipeline.php(183): Illuminate\\Foundation\\Http\\Middleware\\TrimStrings->handle(Object(Illuminate\\Http\\Request), Object(Closure))
#35 /Users/vikasverma/Projects/suwish/vendor/laravel/framework/src/Illuminate/Foundation/Http/Middleware/ValidatePostSize.php(27): Illuminate\\Pipeline\\Pipeline->Illuminate\\Pipeline\\{closure}(Object(Illuminate\\Http\\Request))
#36 /Users/vikasverma/Projects/suwish/vendor/laravel/framework/src/Illuminate/Pipeline/Pipeline.php(183): Illuminate\\Foundation\\Http\\Middleware\\ValidatePostSize->handle(Object(Illuminate\\Http\\Request), Object(Closure))
#37 /Users/vikasverma/Projects/suwish/vendor/laravel/framework/src/Illuminate/Foundation/Http/Middleware/PreventRequestsDuringMaintenance.php(99): Illuminate\\Pipeline\\Pipeline->Illuminate\\Pipeline\\{closure}(Object(Illuminate\\Http\\Request))
#38 /Users/vikasverma/Projects/suwish/vendor/laravel/framework/src/Illuminate/Pipeline/Pipeline.php(183): Illuminate\\Foundation\\Http\\Middleware\\PreventRequestsDuringMaintenance->handle(Object(Illuminate\\Http\\Request), Object(Closure))
#39 /Users/vikasverma/Projects/suwish/vendor/laravel/framework/src/Illuminate/Http/Middleware/HandleCors.php(49): Illuminate\\Pipeline\\Pipeline->Illuminate\\Pipeline\\{closure}(Object(Illuminate\\Http\\Request))
#40 /Users/vikasverma/Projects/suwish/vendor/laravel/framework/src/Illuminate/Pipeline/Pipeline.php(183): Illuminate\\Http\\Middleware\\HandleCors->handle(Object(Illuminate\\Http\\Request), Object(Closure))
#41 /Users/vikasverma/Projects/suwish/vendor/laravel/framework/src/Illuminate/Http/Middleware/TrustProxies.php(39): Illuminate\\Pipeline\\Pipeline->Illuminate\\Pipeline\\{closure}(Object(Illuminate\\Http\\Request))
#42 /Users/vikasverma/Projects/suwish/vendor/laravel/framework/src/Illuminate/Pipeline/Pipeline.php(183): Illuminate\\Http\\Middleware\\TrustProxies->handle(Object(Illuminate\\Http\\Request), Object(Closure))
#43 /Users/vikasverma/Projects/suwish/vendor/laravel/framework/src/Illuminate/Pipeline/Pipeline.php(119): Illuminate\\Pipeline\\Pipeline->Illuminate\\Pipeline\\{closure}(Object(Illuminate\\Http\\Request))
#44 /Users/vikasverma/Projects/suwish/vendor/laravel/framework/src/Illuminate/Foundation/Http/Kernel.php(175): Illuminate\\Pipeline\\Pipeline->then(Object(Closure))
#45 /Users/vikasverma/Projects/suwish/vendor/laravel/framework/src/Illuminate/Foundation/Http/Kernel.php(144): Illuminate\\Foundation\\Http\\Kernel->sendRequestThroughRouter(Object(Illuminate\\Http\\Request))
#46 /Users/vikasverma/Projects/suwish/public/index.php(36): Illuminate\\Foundation\\Http\\Kernel->handle(Object(Illuminate\\Http\\Request))
#47 /Users/vikasverma/Projects/suwish/vendor/laravel/framework/src/Illuminate/Foundation/resources/server.php(16): require_once('/Users/vikasver...')
#48 {main}
"} 
[2025-12-27 18:47:23] laravel.ERROR: Attempt to read property "name" on null {"view":{"view":"/Users/vikasverma/Projects/suwish/resources/views/invoices/order.blade.php","data":{"errors":"<pre class=sf-dump id=sf-dump-9423872 data-indent-pad=\"  \"><span class=sf-dump-note>Illuminate\\Support\\ViewErrorBag</span> {<a class=sf-dump-ref>#1159</a><samp data-depth=1 class=sf-dump-expanded>
  #<span class=sf-dump-protected title=\"Protected property\">bags</span>: []
</samp>}
</pre><script>Sfdump(\"sf-dump-9423872\", {\"maxDepth\":3,\"maxStringLength\":160})</script>
","order":"<pre class=sf-dump id=sf-dump-665322595 data-indent-pad=\"  \"><span class=sf-dump-note>App\\Models\\Order</span> {<a class=sf-dump-ref>#1199</a><samp data-depth=1 class=sf-dump-expanded>
  #<span class=sf-dump-protected title=\"Protected property\">connection</span>: \"<span class=sf-dump-str title=\"5 characters\">mysql</span>\"
  #<span class=sf-dump-protected title=\"Protected property\">table</span>: \"<span class=sf-dump-str title=\"6 characters\">orders</span>\"
  #<span class=sf-dump-protected title=\"Protected property\">primaryKey</span>: \"<span class=sf-dump-str title=\"2 characters\">id</span>\"
  #<span class=sf-dump-protected title=\"Protected property\">keyType</span>: \"<span class=sf-dump-str title=\"3 characters\">int</span>\"
  +<span class=sf-dump-public title=\"Public property\">incrementing</span>: <span class=sf-dump-const>true</span>
  #<span class=sf-dump-protected title=\"Protected property\">with</span>: []
  #<span class=sf-dump-protected title=\"Protected property\">withCount</span>: []
  +<span class=sf-dump-public title=\"Public property\">preventsLazyLoading</span>: <span class=sf-dump-const>false</span>
  #<span class=sf-dump-protected title=\"Protected property\">perPage</span>: <span class=sf-dump-num>15</span>
  +<span class=sf-dump-public title=\"Public property\">exists</span>: <span class=sf-dump-const>true</span>
  +<span class=sf-dump-public title=\"Public property\">wasRecentlyCreated</span>: <span class=sf-dump-const>false</span>
  #<span class=sf-dump-protected title=\"Protected property\">escapeWhenCastingToString</span>: <span class=sf-dump-const>false</span>
  #<span class=sf-dump-protected title=\"Protected property\">attributes</span>: <span class=sf-dump-note>array:25</span> [<samp data-depth=2 class=sf-dump-compact>
    \"<span class=sf-dump-key>id</span>\" => <span class=sf-dump-num>31</span>
    \"<span class=sf-dump-key>order_number</span>\" => \"<span class=sf-dump-str title=\"14 characters\">ORD-USVZTPQ366</span>\"
    \"<span class=sf-dump-key>user_id</span>\" => <span class=sf-dump-const>null</span>
    \"<span class=sf-dump-key>address_id</span>\" => <span class=sf-dump-const>null</span>
    \"<span class=sf-dump-key>name</span>\" => \"<span class=sf-dump-str title=\"11 characters\">Vikas Verma</span>\"
    \"<span class=sf-dump-key>mobile</span>\" => \"<span class=sf-dump-str title=\"10 characters\">9119857034</span>\"
    \"<span class=sf-dump-key>email</span>\" => <span class=sf-dump-const>null</span>
    \"<span class=sf-dump-key>address</span>\" => \"<span class=sf-dump-str title=\"20 characters\">Satyarthi Dhaam Gali</span>\"
    \"<span class=sf-dump-key>pincode</span>\" => \"<span class=sf-dump-str title=\"6 characters\">226022</span>\"
    \"<span class=sf-dump-key>subtotal</span>\" => \"<span class=sf-dump-str title=\"6 characters\">920.00</span>\"
    \"<span class=sf-dump-key>gst_amount</span>\" => \"<span class=sf-dump-str title=\"4 characters\">0.00</span>\"
    \"<span class=sf-dump-key>shipping_charge</span>\" => \"<span class=sf-dump-str title=\"5 characters\">40.00</span>\"
    \"<span class=sf-dump-key>total_amount</span>\" => \"<span class=sf-dump-str title=\"6 characters\">960.00</span>\"
    \"<span class=sf-dump-key>payment_status</span>\" => \"<span class=sf-dump-str title=\"8 characters\">verified</span>\"
    \"<span class=sf-dump-key>order_status</span>\" => \"<span class=sf-dump-str title=\"9 characters\">confirmed</span>\"
    \"<span class=sf-dump-key>cancellation_remark</span>\" => <span class=sf-dump-const>null</span>
    \"<span class=sf-dump-key>payment_proof</span>\" => <span class=sf-dump-const>null</span>
    \"<span class=sf-dump-key>payment_method</span>\" => \"<span class=sf-dump-str title=\"8 characters\">razorpay</span>\"
    \"<span class=sf-dump-key>razorpay_order_id</span>\" => \"<span class=sf-dump-str title=\"20 characters\">order_RweG6bDNNrRQIi</span>\"
    \"<span class=sf-dump-key>razorpay_payment_id</span>\" => \"<span class=sf-dump-str title=\"18 characters\">pay_RweGFkEhqwlXts</span>\"
    \"<span class=sf-dump-key>tracking_id</span>\" => <span class=sf-dump-const>null</span>
    \"<span class=sf-dump-key>tracking_url</span>\" => <span class=sf-dump-const>null</span>
    \"<span class=sf-dump-key>notes</span>\" => <span class=sf-dump-const>null</span>
    \"<span class=sf-dump-key>created_at</span>\" => \"<span class=sf-dump-str title=\"19 characters\">2025-12-27 18:44:02</span>\"
    \"<span class=sf-dump-key>updated_at</span>\" => \"<span class=sf-dump-str title=\"19 characters\">2025-12-27 18:44:26</span>\"
  </samp>]
  #<span class=sf-dump-protected title=\"Protected property\">original</span>: <span class=sf-dump-note>array:25</span> [<samp data-depth=2 class=sf-dump-compact>
    \"<span class=sf-dump-key>id</span>\" => <span class=sf-dump-num>31</span>
    \"<span class=sf-dump-key>order_number</span>\" => \"<span class=sf-dump-str title=\"14 characters\">ORD-USVZTPQ366</span>\"
    \"<span class=sf-dump-key>user_id</span>\" => <span class=sf-dump-const>null</span>
    \"<span class=sf-dump-key>address_id</span>\" => <span class=sf-dump-const>null</span>
    \"<span class=sf-dump-key>name</span>\" => \"<span class=sf-dump-str title=\"11 characters\">Vikas Verma</span>\"
    \"<span class=sf-dump-key>mobile</span>\" => \"<span class=sf-dump-str title=\"10 characters\">9119857034</span>\"
    \"<span class=sf-dump-key>email</span>\" => <span class=sf-dump-const>null</span>
    \"<span class=sf-dump-key>address</span>\" => \"<span class=sf-dump-str title=\"20 characters\">Satyarthi Dhaam Gali</span>\"
    \"<span class=sf-dump-key>pincode</span>\" => \"<span class=sf-dump-str title=\"6 characters\">226022</span>\"
    \"<span class=sf-dump-key>subtotal</span>\" => \"<span class=sf-dump-str title=\"6 characters\">920.00</span>\"
    \"<span class=sf-dump-key>gst_amount</span>\" => \"<span class=sf-dump-str title=\"4 characters\">0.00</span>\"
    \"<span class=sf-dump-key>shipping_charge</span>\" => \"<span class=sf-dump-str title=\"5 characters\">40.00</span>\"
    \"<span class=sf-dump-key>total_amount</span>\" => \"<span class=sf-dump-str title=\"6 characters\">960.00</span>\"
    \"<span class=sf-dump-key>payment_status</span>\" => \"<span class=sf-dump-str title=\"8 characters\">verified</span>\"
    \"<span class=sf-dump-key>order_status</span>\" => \"<span class=sf-dump-str title=\"9 characters\">confirmed</span>\"
    \"<span class=sf-dump-key>cancellation_remark</span>\" => <span class=sf-dump-const>null</span>
    \"<span class=sf-dump-key>payment_proof</span>\" => <span class=sf-dump-const>null</span>
    \"<span class=sf-dump-key>payment_method</span>\" => \"<span class=sf-dump-str title=\"8 characters\">razorpay</span>\"
    \"<span class=sf-dump-key>razorpay_order_id</span>\" => \"<span class=sf-dump-str title=\"20 characters\">order_RweG6bDNNrRQIi</span>\"
    \"<span class=sf-dump-key>razorpay_payment_id</span>\" => \"<span class=sf-dump-str title=\"18 characters\">pay_RweGFkEhqwlXts</span>\"
    \"<span class=sf-dump-key>tracking_id</span>\" => <span class=sf-dump-const>null</span>
    \"<span class=sf-dump-key>tracking_url</span>\" => <span class=sf-dump-const>null</span>
    \"<span class=sf-dump-key>notes</span>\" => <span class=sf-dump-const>null</span>
    \"<span class=sf-dump-key>created_at</span>\" => \"<span class=sf-dump-str title=\"19 characters\">2025-12-27 18:44:02</span>\"
    \"<span class=sf-dump-key>updated_at</span>\" => \"<span class=sf-dump-str title=\"19 characters\">2025-12-27 18:44:26</span>\"
  </samp>]
  #<span class=sf-dump-protected title=\"Protected property\">changes</span>: []
  #<span class=sf-dump-protected title=\"Protected property\">casts</span>: <span class=sf-dump-note>array:4</span> [<samp data-depth=2 class=sf-dump-compact>
    \"<span class=sf-dump-key>subtotal</span>\" => \"<span class=sf-dump-str title=\"9 characters\">decimal:2</span>\"
    \"<span class=sf-dump-key>gst_amount</span>\" => \"<span class=sf-dump-str title=\"9 characters\">decimal:2</span>\"
    \"<span class=sf-dump-key>shipping_charge</span>\" => \"<span class=sf-dump-str title=\"9 characters\">decimal:2</span>\"
    \"<span class=sf-dump-key>total_amount</span>\" => \"<span class=sf-dump-str title=\"9 characters\">decimal:2</span>\"
  </samp>]
  #<span class=sf-dump-protected title=\"Protected property\">classCastCache</span>: []
  #<span class=sf-dump-protected title=\"Protected property\">attributeCastCache</span>: []
  #<span class=sf-dump-protected title=\"Protected property\">dateFormat</span>: <span class=sf-dump-const>null</span>
  #<span class=sf-dump-protected title=\"Protected property\">appends</span>: []
  #<span class=sf-dump-protected title=\"Protected property\">dispatchesEvents</span>: []
  #<span class=sf-dump-protected title=\"Protected property\">observables</span>: []
  #<span class=sf-dump-protected title=\"Protected property\">relations</span>: <span class=sf-dump-note>array:2</span> [<samp data-depth=2 class=sf-dump-compact>
    \"<span class=sf-dump-key>user</span>\" => <span class=sf-dump-const>null</span>
    \"<span class=sf-dump-key>items</span>\" => <span class=\"sf-dump-note sf-dump-ellipsization\" title=\"Illuminate\\Database\\Eloquent\\Collection
\"><span class=\"sf-dump-ellipsis sf-dump-ellipsis-note\">Illuminate\\Database\\Eloquent</span><span class=\"sf-dump-ellipsis sf-dump-ellipsis-note\">\\</span><span class=\"sf-dump-ellipsis-tail\">Collection</span></span> {<a class=sf-dump-ref>#1209</a><samp data-depth=3 class=sf-dump-compact>
      #<span class=sf-dump-protected title=\"Protected property\">items</span>: <span class=sf-dump-note>array:1</span> [ &#8230;1]
      #<span class=sf-dump-protected title=\"Protected property\">escapeWhenCastingToString</span>: <span class=sf-dump-const>false</span>
    </samp>}
  </samp>]
  #<span class=sf-dump-protected title=\"Protected property\">touches</span>: []
  +<span class=sf-dump-public title=\"Public property\">timestamps</span>: <span class=sf-dump-const>true</span>
  +<span class=sf-dump-public title=\"Public property\">usesUniqueIds</span>: <span class=sf-dump-const>false</span>
  #<span class=sf-dump-protected title=\"Protected property\">hidden</span>: []
  #<span class=sf-dump-protected title=\"Protected property\">visible</span>: []
  #<span class=sf-dump-protected title=\"Protected property\">fillable</span>: <span class=sf-dump-note>array:21</span> [<samp data-depth=2 class=sf-dump-compact>
    <span class=sf-dump-index>0</span> => \"<span class=sf-dump-str title=\"12 characters\">order_number</span>\"
    <span class=sf-dump-index>1</span> => \"<span class=sf-dump-str title=\"7 characters\">user_id</span>\"
    <span class=sf-dump-index>2</span> => \"<span class=sf-dump-str title=\"10 characters\">address_id</span>\"
    <span class=sf-dump-index>3</span> => \"<span class=sf-dump-str title=\"4 characters\">name</span>\"
    <span class=sf-dump-index>4</span> => \"<span class=sf-dump-str title=\"6 characters\">mobile</span>\"
    <span class=sf-dump-index>5</span> => \"<span class=sf-dump-str title=\"5 characters\">email</span>\"
    <span class=sf-dump-index>6</span> => \"<span class=sf-dump-str title=\"7 characters\">address</span>\"
    <span class=sf-dump-index>7</span> => \"<span class=sf-dump-str title=\"7 characters\">pincode</span>\"
    <span class=sf-dump-index>8</span> => \"<span class=sf-dump-str title=\"8 characters\">subtotal</span>\"
    <span class=sf-dump-index>9</span> => \"<span class=sf-dump-str title=\"10 characters\">gst_amount</span>\"
    <span class=sf-dump-index>10</span> => \"<span class=sf-dump-str title=\"15 characters\">shipping_charge</span>\"
    <span class=sf-dump-index>11</span> => \"<span class=sf-dump-str title=\"12 characters\">total_amount</span>\"
    <span class=sf-dump-index>12</span> => \"<span class=sf-dump-str title=\"14 characters\">payment_status</span>\"
    <span class=sf-dump-index>13</span> => \"<span class=sf-dump-str title=\"12 characters\">order_status</span>\"
    <span class=sf-dump-index>14</span> => \"<span class=sf-dump-str title=\"13 characters\">payment_proof</span>\"
    <span class=sf-dump-index>15</span> => \"<span class=sf-dump-str title=\"14 characters\">payment_method</span>\"
    <span class=sf-dump-index>16</span> => \"<span class=sf-dump-str title=\"17 characters\">razorpay_order_id</span>\"
    <span class=sf-dump-index>17</span> => \"<span class=sf-dump-str title=\"19 characters\">razorpay_payment_id</span>\"
    <span class=sf-dump-index>18</span> => \"<span class=sf-dump-str title=\"11 characters\">tracking_id</span>\"
    <span class=sf-dump-index>19</span> => \"<span class=sf-dump-str title=\"12 characters\">tracking_url</span>\"
    <span class=sf-dump-index>20</span> => \"<span class=sf-dump-str title=\"5 characters\">notes</span>\"
  </samp>]
  #<span class=sf-dump-protected title=\"Protected property\">guarded</span>: <span class=sf-dump-note>array:1</span> [<samp data-depth=2 class=sf-dump-compact>
    <span class=sf-dump-index>0</span> => \"<span class=sf-dump-str>*</span>\"
  </samp>]
</samp>}
</pre><script>Sfdump(\"sf-dump-665322595\", {\"maxDepth\":3,\"maxStringLength\":160})</script>
"}},"userId":1,"exception":"[object] (Spatie\\LaravelIgnition\\Exceptions\\ViewException(code: 0): Attempt to read property \"name\" on null at /Users/vikasverma/Projects/suwish/resources/views/invoices/order.blade.php:86)
[stacktrace]
#0 /Users/vikasverma/Projects/suwish/vendor/laravel/framework/src/Illuminate/Filesystem/Filesystem.php(123): require('/Users/vikasver...')
#1 /Users/vikasverma/Projects/suwish/vendor/laravel/framework/src/Illuminate/Filesystem/Filesystem.php(124): Illuminate\\Filesystem\\Filesystem::Illuminate\\Filesystem\\{closure}()
#2 /Users/vikasverma/Projects/suwish/vendor/laravel/framework/src/Illuminate/View/Engines/PhpEngine.php(58): Illuminate\\Filesystem\\Filesystem->getRequire('/Users/vikasver...', Array)
#3 /Users/vikasverma/Projects/suwish/vendor/laravel/framework/src/Illuminate/View/Engines/CompilerEngine.php(72): Illuminate\\View\\Engines\\PhpEngine->evaluatePath('/Users/vikasver...', Array)
#4 /Users/vikasverma/Projects/suwish/vendor/laravel/framework/src/Illuminate/View/View.php(207): Illuminate\\View\\Engines\\CompilerEngine->get('/Users/vikasver...', Array)
#5 /Users/vikasverma/Projects/suwish/vendor/laravel/framework/src/Illuminate/View/View.php(190): Illuminate\\View\\View->getContents()
#6 /Users/vikasverma/Projects/suwish/vendor/laravel/framework/src/Illuminate/View/View.php(159): Illuminate\\View\\View->renderContents()
#7 /Users/vikasverma/Projects/suwish/vendor/laravel/framework/src/Illuminate/Http/Response.php(69): Illuminate\\View\\View->render()
#8 /Users/vikasverma/Projects/suwish/vendor/laravel/framework/src/Illuminate/Http/Response.php(35): Illuminate\\Http\\Response->setContent(Object(Illuminate\\View\\View))
#9 /Users/vikasverma/Projects/suwish/vendor/laravel/framework/src/Illuminate/Routing/Router.php(918): Illuminate\\Http\\Response->__construct(Object(Illuminate\\View\\View), 200, Array)
#10 /Users/vikasverma/Projects/suwish/vendor/laravel/framework/src/Illuminate/Routing/Router.php(885): Illuminate\\Routing\\Router::toResponse(Object(Illuminate\\Http\\Request), Object(Illuminate\\View\\View))
#11 /Users/vikasverma/Projects/suwish/vendor/laravel/framework/src/Illuminate/Routing/Router.php(805): Illuminate\\Routing\\Router->prepareResponse(Object(Illuminate\\Http\\Request), Object(Illuminate\\View\\View))
#12 /Users/vikasverma/Projects/suwish/vendor/laravel/framework/src/Illuminate/Pipeline/Pipeline.php(144): Illuminate\\Routing\\Router->Illuminate\\Routing\\{closure}(Object(Illuminate\\Http\\Request))
#13 /Users/vikasverma/Projects/suwish/vendor/laravel/framework/src/Illuminate/Routing/Middleware/SubstituteBindings.php(50): Illuminate\\Pipeline\\Pipeline->Illuminate\\Pipeline\\{closure}(Object(Illuminate\\Http\\Request))
#14 /Users/vikasverma/Projects/suwish/vendor/laravel/framework/src/Illuminate/Pipeline/Pipeline.php(183): Illuminate\\Routing\\Middleware\\SubstituteBindings->handle(Object(Illuminate\\Http\\Request), Object(Closure))
#15 /Users/vikasverma/Projects/suwish/vendor/laravel/framework/src/Illuminate/Auth/Middleware/Authenticate.php(57): Illuminate\\Pipeline\\Pipeline->Illuminate\\Pipeline\\{closure}(Object(Illuminate\\Http\\Request))
#16 /Users/vikasverma/Projects/suwish/vendor/laravel/framework/src/Illuminate/Pipeline/Pipeline.php(183): Illuminate\\Auth\\Middleware\\Authenticate->handle(Object(Illuminate\\Http\\Request), Object(Closure))
#17 /Users/vikasverma/Projects/suwish/vendor/laravel/framework/src/Illuminate/Foundation/Http/Middleware/VerifyCsrfToken.php(78): Illuminate\\Pipeline\\Pipeline->Illuminate\\Pipeline\\{closure}(Object(Illuminate\\Http\\Request))
#18 /Users/vikasverma/Projects/suwish/vendor/laravel/framework/src/Illuminate/Pipeline/Pipeline.php(183): Illuminate\\Foundation\\Http\\Middleware\\VerifyCsrfToken->handle(Object(Illuminate\\Http\\Request), Object(Closure))
#19 /Users/vikasverma/Projects/suwish/vendor/laravel/framework/src/Illuminate/View/Middleware/ShareErrorsFromSession.php(49): Illuminate\\Pipeline\\Pipeline->Illuminate\\Pipeline\\{closure}(Object(Illuminate\\Http\\Request))
#20 /Users/vikasverma/Projects/suwish/vendor/laravel/framework/src/Illuminate/Pipeline/Pipeline.php(183): Illuminate\\View\\Middleware\\ShareErrorsFromSession->handle(Object(Illuminate\\Http\\Request), Object(Closure))
#21 /Users/vikasverma/Projects/suwish/vendor/laravel/framework/src/Illuminate/Session/Middleware/StartSession.php(121): Illuminate\\Pipeline\\Pipeline->Illuminate\\Pipeline\\{closure}(Object(Illuminate\\Http\\Request))
#22 /Users/vikasverma/Projects/suwish/vendor/laravel/framework/src/Illuminate/Session/Middleware/StartSession.php(64): Illuminate\\Session\\Middleware\\StartSession->handleStatefulRequest(Object(Illuminate\\Http\\Request), Object(Illuminate\\Session\\Store), Object(Closure))
#23 /Users/vikasverma/Projects/suwish/vendor/laravel/framework/src/Illuminate/Pipeline/Pipeline.php(183): Illuminate\\Session\\Middleware\\StartSession->handle(Object(Illuminate\\Http\\Request), Object(Closure))
#24 /Users/vikasverma/Projects/suwish/vendor/laravel/framework/src/Illuminate/Cookie/Middleware/AddQueuedCookiesToResponse.php(37): Illuminate\\Pipeline\\Pipeline->Illuminate\\Pipeline\\{closure}(Object(Illuminate\\Http\\Request))
#25 /Users/vikasverma/Projects/suwish/vendor/laravel/framework/src/Illuminate/Pipeline/Pipeline.php(183): Illuminate\\Cookie\\Middleware\\AddQueuedCookiesToResponse->handle(Object(Illuminate\\Http\\Request), Object(Closure))
#26 /Users/vikasverma/Projects/suwish/vendor/laravel/framework/src/Illuminate/Cookie/Middleware/EncryptCookies.php(67): Illuminate\\Pipeline\\Pipeline->Illuminate\\Pipeline\\{closure}(Object(Illuminate\\Http\\Request))
#27 /Users/vikasverma/Projects/suwish/vendor/laravel/framework/src/Illuminate/Pipeline/Pipeline.php(183): Illuminate\\Cookie\\Middleware\\EncryptCookies->handle(Object(Illuminate\\Http\\Request), Object(Closure))
#28 /Users/vikasverma/Projects/suwish/vendor/laravel/framework/src/Illuminate/Pipeline/Pipeline.php(119): Illuminate\\Pipeline\\Pipeline->Illuminate\\Pipeline\\{closure}(Object(Illuminate\\Http\\Request))
#29 /Users/vikasverma/Projects/suwish/vendor/laravel/framework/src/Illuminate/Routing/Router.php(805): Illuminate\\Pipeline\\Pipeline->then(Object(Closure))
#30 /Users/vikasverma/Projects/suwish/vendor/laravel/framework/src/Illuminate/Routing/Router.php(784): Illuminate\\Routing\\Router->runRouteWithinStack(Object(Illuminate\\Routing\\Route), Object(Illuminate\\Http\\Request))
#31 /Users/vikasverma/Projects/suwish/vendor/laravel/framework/src/Illuminate/Routing/Router.php(748): Illuminate\\Routing\\Router->runRoute(Object(Illuminate\\Http\\Request), Object(Illuminate\\Routing\\Route))
#32 /Users/vikasverma/Projects/suwish/vendor/laravel/framework/src/Illuminate/Routing/Router.php(737): Illuminate\\Routing\\Router->dispatchToRoute(Object(Illuminate\\Http\\Request))
#33 /Users/vikasverma/Projects/suwish/vendor/laravel/framework/src/Illuminate/Foundation/Http/Kernel.php(200): Illuminate\\Routing\\Router->dispatch(Object(Illuminate\\Http\\Request))
#34 /Users/vikasverma/Projects/suwish/vendor/laravel/framework/src/Illuminate/Pipeline/Pipeline.php(144): Illuminate\\Foundation\\Http\\Kernel->Illuminate\\Foundation\\Http\\{closure}(Object(Illuminate\\Http\\Request))
#35 /Users/vikasverma/Projects/suwish/vendor/laravel/framework/src/Illuminate/Foundation/Http/Middleware/TransformsRequest.php(21): Illuminate\\Pipeline\\Pipeline->Illuminate\\Pipeline\\{closure}(Object(Illuminate\\Http\\Request))
#36 /Users/vikasverma/Projects/suwish/vendor/laravel/framework/src/Illuminate/Foundation/Http/Middleware/ConvertEmptyStringsToNull.php(31): Illuminate\\Foundation\\Http\\Middleware\\TransformsRequest->handle(Object(Illuminate\\Http\\Request), Object(Closure))
#37 /Users/vikasverma/Projects/suwish/vendor/laravel/framework/src/Illuminate/Pipeline/Pipeline.php(183): Illuminate\\Foundation\\Http\\Middleware\\ConvertEmptyStringsToNull->handle(Object(Illuminate\\Http\\Request), Object(Closure))
#38 /Users/vikasverma/Projects/suwish/vendor/laravel/framework/src/Illuminate/Foundation/Http/Middleware/TransformsRequest.php(21): Illuminate\\Pipeline\\Pipeline->Illuminate\\Pipeline\\{closure}(Object(Illuminate\\Http\\Request))
#39 /Users/vikasverma/Projects/suwish/vendor/laravel/framework/src/Illuminate/Foundation/Http/Middleware/TrimStrings.php(40): Illuminate\\Foundation\\Http\\Middleware\\TransformsRequest->handle(Object(Illuminate\\Http\\Request), Object(Closure))
#40 /Users/vikasverma/Projects/suwish/vendor/laravel/framework/src/Illuminate/Pipeline/Pipeline.php(183): Illuminate\\Foundation\\Http\\Middleware\\TrimStrings->handle(Object(Illuminate\\Http\\Request), Object(Closure))
#41 /Users/vikasverma/Projects/suwish/vendor/laravel/framework/src/Illuminate/Foundation/Http/Middleware/ValidatePostSize.php(27): Illuminate\\Pipeline\\Pipeline->Illuminate\\Pipeline\\{closure}(Object(Illuminate\\Http\\Request))
#42 /Users/vikasverma/Projects/suwish/vendor/laravel/framework/src/Illuminate/Pipeline/Pipeline.php(183): Illuminate\\Foundation\\Http\\Middleware\\ValidatePostSize->handle(Object(Illuminate\\Http\\Request), Object(Closure))
#43 /Users/vikasverma/Projects/suwish/vendor/laravel/framework/src/Illuminate/Foundation/Http/Middleware/PreventRequestsDuringMaintenance.php(99): Illuminate\\Pipeline\\Pipeline->Illuminate\\Pipeline\\{closure}(Object(Illuminate\\Http\\Request))
#44 /Users/vikasverma/Projects/suwish/vendor/laravel/framework/src/Illuminate/Pipeline/Pipeline.php(183): Illuminate\\Foundation\\Http\\Middleware\\PreventRequestsDuringMaintenance->handle(Object(Illuminate\\Http\\Request), Object(Closure))
#45 /Users/vikasverma/Projects/suwish/vendor/laravel/framework/src/Illuminate/Http/Middleware/HandleCors.php(49): Illuminate\\Pipeline\\Pipeline->Illuminate\\Pipeline\\{closure}(Object(Illuminate\\Http\\Request))
#46 /Users/vikasverma/Projects/suwish/vendor/laravel/framework/src/Illuminate/Pipeline/Pipeline.php(183): Illuminate\\Http\\Middleware\\HandleCors->handle(Object(Illuminate\\Http\\Request), Object(Closure))
#47 /Users/vikasverma/Projects/suwish/vendor/laravel/framework/src/Illuminate/Http/Middleware/TrustProxies.php(39): Illuminate\\Pipeline\\Pipeline->Illuminate\\Pipeline\\{closure}(Object(Illuminate\\Http\\Request))
#48 /Users/vikasverma/Projects/suwish/vendor/laravel/framework/src/Illuminate/Pipeline/Pipeline.php(183): Illuminate\\Http\\Middleware\\TrustProxies->handle(Object(Illuminate\\Http\\Request), Object(Closure))
#49 /Users/vikasverma/Projects/suwish/vendor/laravel/framework/src/Illuminate/Pipeline/Pipeline.php(119): Illuminate\\Pipeline\\Pipeline->Illuminate\\Pipeline\\{closure}(Object(Illuminate\\Http\\Request))
#50 /Users/vikasverma/Projects/suwish/vendor/laravel/framework/src/Illuminate/Foundation/Http/Kernel.php(175): Illuminate\\Pipeline\\Pipeline->then(Object(Closure))
#51 /Users/vikasverma/Projects/suwish/vendor/laravel/framework/src/Illuminate/Foundation/Http/Kernel.php(144): Illuminate\\Foundation\\Http\\Kernel->sendRequestThroughRouter(Object(Illuminate\\Http\\Request))
#52 /Users/vikasverma/Projects/suwish/public/index.php(36): Illuminate\\Foundation\\Http\\Kernel->handle(Object(Illuminate\\Http\\Request))
#53 /Users/vikasverma/Projects/suwish/vendor/laravel/framework/src/Illuminate/Foundation/resources/server.php(16): require_once('/Users/vikasver...')
#54 {main}

[previous exception] [object] (ErrorException(code: 0): Attempt to read property \"name\" on null at /Users/vikasverma/Projects/suwish/storage/framework/views/102aa30ee9917f41fa547099079acf65.php:87)
[stacktrace]
#0 /Users/vikasverma/Projects/suwish/vendor/laravel/framework/src/Illuminate/Foundation/Bootstrap/HandleExceptions.php(255): Illuminate\\Foundation\\Bootstrap\\HandleExceptions->handleError(2, 'Attempt to read...', '/Users/vikasver...', 87)
#1 /Users/vikasverma/Projects/suwish/storage/framework/views/102aa30ee9917f41fa547099079acf65.php(87): Illuminate\\Foundation\\Bootstrap\\HandleExceptions->Illuminate\\Foundation\\Bootstrap\\{closure}(2, 'Attempt to read...', '/Users/vikasver...', 87)
#2 /Users/vikasverma/Projects/suwish/vendor/laravel/framework/src/Illuminate/Filesystem/Filesystem.php(123): require('/Users/vikasver...')
#3 /Users/vikasverma/Projects/suwish/vendor/laravel/framework/src/Illuminate/Filesystem/Filesystem.php(124): Illuminate\\Filesystem\\Filesystem::Illuminate\\Filesystem\\{closure}()
#4 /Users/vikasverma/Projects/suwish/vendor/laravel/framework/src/Illuminate/View/Engines/PhpEngine.php(58): Illuminate\\Filesystem\\Filesystem->getRequire('/Users/vikasver...', Array)
#5 /Users/vikasverma/Projects/suwish/vendor/laravel/framework/src/Illuminate/View/Engines/CompilerEngine.php(72): Illuminate\\View\\Engines\\PhpEngine->evaluatePath('/Users/vikasver...', Array)
#6 /Users/vikasverma/Projects/suwish/vendor/laravel/framework/src/Illuminate/View/View.php(207): Illuminate\\View\\Engines\\CompilerEngine->get('/Users/vikasver...', Array)
#7 /Users/vikasverma/Projects/suwish/vendor/laravel/framework/src/Illuminate/View/View.php(190): Illuminate\\View\\View->getContents()
#8 /Users/vikasverma/Projects/suwish/vendor/laravel/framework/src/Illuminate/View/View.php(159): Illuminate\\View\\View->renderContents()
#9 /Users/vikasverma/Projects/suwish/vendor/laravel/framework/src/Illuminate/Http/Response.php(69): Illuminate\\View\\View->render()
#10 /Users/vikasverma/Projects/suwish/vendor/laravel/framework/src/Illuminate/Http/Response.php(35): Illuminate\\Http\\Response->setContent(Object(Illuminate\\View\\View))
#11 /Users/vikasverma/Projects/suwish/vendor/laravel/framework/src/Illuminate/Routing/Router.php(918): Illuminate\\Http\\Response->__construct(Object(Illuminate\\View\\View), 200, Array)
#12 /Users/vikasverma/Projects/suwish/vendor/laravel/framework/src/Illuminate/Routing/Router.php(885): Illuminate\\Routing\\Router::toResponse(Object(Illuminate\\Http\\Request), Object(Illuminate\\View\\View))
#13 /Users/vikasverma/Projects/suwish/vendor/laravel/framework/src/Illuminate/Routing/Router.php(805): Illuminate\\Routing\\Router->prepareResponse(Object(Illuminate\\Http\\Request), Object(Illuminate\\View\\View))
#14 /Users/vikasverma/Projects/suwish/vendor/laravel/framework/src/Illuminate/Pipeline/Pipeline.php(144): Illuminate\\Routing\\Router->Illuminate\\Routing\\{closure}(Object(Illuminate\\Http\\Request))
#15 /Users/vikasverma/Projects/suwish/vendor/laravel/framework/src/Illuminate/Routing/Middleware/SubstituteBindings.php(50): Illuminate\\Pipeline\\Pipeline->Illuminate\\Pipeline\\{closure}(Object(Illuminate\\Http\\Request))
#16 /Users/vikasverma/Projects/suwish/vendor/laravel/framework/src/Illuminate/Pipeline/Pipeline.php(183): Illuminate\\Routing\\Middleware\\SubstituteBindings->handle(Object(Illuminate\\Http\\Request), Object(Closure))
#17 /Users/vikasverma/Projects/suwish/vendor/laravel/framework/src/Illuminate/Auth/Middleware/Authenticate.php(57): Illuminate\\Pipeline\\Pipeline->Illuminate\\Pipeline\\{closure}(Object(Illuminate\\Http\\Request))
#18 /Users/vikasverma/Projects/suwish/vendor/laravel/framework/src/Illuminate/Pipeline/Pipeline.php(183): Illuminate\\Auth\\Middleware\\Authenticate->handle(Object(Illuminate\\Http\\Request), Object(Closure))
#19 /Users/vikasverma/Projects/suwish/vendor/laravel/framework/src/Illuminate/Foundation/Http/Middleware/VerifyCsrfToken.php(78): Illuminate\\Pipeline\\Pipeline->Illuminate\\Pipeline\\{closure}(Object(Illuminate\\Http\\Request))
#20 /Users/vikasverma/Projects/suwish/vendor/laravel/framework/src/Illuminate/Pipeline/Pipeline.php(183): Illuminate\\Foundation\\Http\\Middleware\\VerifyCsrfToken->handle(Object(Illuminate\\Http\\Request), Object(Closure))
#21 /Users/vikasverma/Projects/suwish/vendor/laravel/framework/src/Illuminate/View/Middleware/ShareErrorsFromSession.php(49): Illuminate\\Pipeline\\Pipeline->Illuminate\\Pipeline\\{closure}(Object(Illuminate\\Http\\Request))
#22 /Users/vikasverma/Projects/suwish/vendor/laravel/framework/src/Illuminate/Pipeline/Pipeline.php(183): Illuminate\\View\\Middleware\\ShareErrorsFromSession->handle(Object(Illuminate\\Http\\Request), Object(Closure))
#23 /Users/vikasverma/Projects/suwish/vendor/laravel/framework/src/Illuminate/Session/Middleware/StartSession.php(121): Illuminate\\Pipeline\\Pipeline->Illuminate\\Pipeline\\{closure}(Object(Illuminate\\Http\\Request))
#24 /Users/vikasverma/Projects/suwish/vendor/laravel/framework/src/Illuminate/Session/Middleware/StartSession.php(64): Illuminate\\Session\\Middleware\\StartSession->handleStatefulRequest(Object(Illuminate\\Http\\Request), Object(Illuminate\\Session\\Store), Object(Closure))
#25 /Users/vikasverma/Projects/suwish/vendor/laravel/framework/src/Illuminate/Pipeline/Pipeline.php(183): Illuminate\\Session\\Middleware\\StartSession->handle(Object(Illuminate\\Http\\Request), Object(Closure))
#26 /Users/vikasverma/Projects/suwish/vendor/laravel/framework/src/Illuminate/Cookie/Middleware/AddQueuedCookiesToResponse.php(37): Illuminate\\Pipeline\\Pipeline->Illuminate\\Pipeline\\{closure}(Object(Illuminate\\Http\\Request))
#27 /Users/vikasverma/Projects/suwish/vendor/laravel/framework/src/Illuminate/Pipeline/Pipeline.php(183): Illuminate\\Cookie\\Middleware\\AddQueuedCookiesToResponse->handle(Object(Illuminate\\Http\\Request), Object(Closure))
#28 /Users/vikasverma/Projects/suwish/vendor/laravel/framework/src/Illuminate/Cookie/Middleware/EncryptCookies.php(67): Illuminate\\Pipeline\\Pipeline->Illuminate\\Pipeline\\{closure}(Object(Illuminate\\Http\\Request))
#29 /Users/vikasverma/Projects/suwish/vendor/laravel/framework/src/Illuminate/Pipeline/Pipeline.php(183): Illuminate\\Cookie\\Middleware\\EncryptCookies->handle(Object(Illuminate\\Http\\Request), Object(Closure))
#30 /Users/vikasverma/Projects/suwish/vendor/laravel/framework/src/Illuminate/Pipeline/Pipeline.php(119): Illuminate\\Pipeline\\Pipeline->Illuminate\\Pipeline\\{closure}(Object(Illuminate\\Http\\Request))
#31 /Users/vikasverma/Projects/suwish/vendor/laravel/framework/src/Illuminate/Routing/Router.php(805): Illuminate\\Pipeline\\Pipeline->then(Object(Closure))
#32 /Users/vikasverma/Projects/suwish/vendor/laravel/framework/src/Illuminate/Routing/Router.php(784): Illuminate\\Routing\\Router->runRouteWithinStack(Object(Illuminate\\Routing\\Route), Object(Illuminate\\Http\\Request))
#33 /Users/vikasverma/Projects/suwish/vendor/laravel/framework/src/Illuminate/Routing/Router.php(748): Illuminate\\Routing\\Router->runRoute(Object(Illuminate\\Http\\Request), Object(Illuminate\\Routing\\Route))
#34 /Users/vikasverma/Projects/suwish/vendor/laravel/framework/src/Illuminate/Routing/Router.php(737): Illuminate\\Routing\\Router->dispatchToRoute(Object(Illuminate\\Http\\Request))
#35 /Users/vikasverma/Projects/suwish/vendor/laravel/framework/src/Illuminate/Foundation/Http/Kernel.php(200): Illuminate\\Routing\\Router->dispatch(Object(Illuminate\\Http\\Request))
#36 /Users/vikasverma/Projects/suwish/vendor/laravel/framework/src/Illuminate/Pipeline/Pipeline.php(144): Illuminate\\Foundation\\Http\\Kernel->Illuminate\\Foundation\\Http\\{closure}(Object(Illuminate\\Http\\Request))
#37 /Users/vikasverma/Projects/suwish/vendor/laravel/framework/src/Illuminate/Foundation/Http/Middleware/TransformsRequest.php(21): Illuminate\\Pipeline\\Pipeline->Illuminate\\Pipeline\\{closure}(Object(Illuminate\\Http\\Request))
#38 /Users/vikasverma/Projects/suwish/vendor/laravel/framework/src/Illuminate/Foundation/Http/Middleware/ConvertEmptyStringsToNull.php(31): Illuminate\\Foundation\\Http\\Middleware\\TransformsRequest->handle(Object(Illuminate\\Http\\Request), Object(Closure))
#39 /Users/vikasverma/Projects/suwish/vendor/laravel/framework/src/Illuminate/Pipeline/Pipeline.php(183): Illuminate\\Foundation\\Http\\Middleware\\ConvertEmptyStringsToNull->handle(Object(Illuminate\\Http\\Request), Object(Closure))
#40 /Users/vikasverma/Projects/suwish/vendor/laravel/framework/src/Illuminate/Foundation/Http/Middleware/TransformsRequest.php(21): Illuminate\\Pipeline\\Pipeline->Illuminate\\Pipeline\\{closure}(Object(Illuminate\\Http\\Request))
#41 /Users/vikasverma/Projects/suwish/vendor/laravel/framework/src/Illuminate/Foundation/Http/Middleware/TrimStrings.php(40): Illuminate\\Foundation\\Http\\Middleware\\TransformsRequest->handle(Object(Illuminate\\Http\\Request), Object(Closure))
#42 /Users/vikasverma/Projects/suwish/vendor/laravel/framework/src/Illuminate/Pipeline/Pipeline.php(183): Illuminate\\Foundation\\Http\\Middleware\\TrimStrings->handle(Object(Illuminate\\Http\\Request), Object(Closure))
#43 /Users/vikasverma/Projects/suwish/vendor/laravel/framework/src/Illuminate/Foundation/Http/Middleware/ValidatePostSize.php(27): Illuminate\\Pipeline\\Pipeline->Illuminate\\Pipeline\\{closure}(Object(Illuminate\\Http\\Request))
#44 /Users/vikasverma/Projects/suwish/vendor/laravel/framework/src/Illuminate/Pipeline/Pipeline.php(183): Illuminate\\Foundation\\Http\\Middleware\\ValidatePostSize->handle(Object(Illuminate\\Http\\Request), Object(Closure))
#45 /Users/vikasverma/Projects/suwish/vendor/laravel/framework/src/Illuminate/Foundation/Http/Middleware/PreventRequestsDuringMaintenance.php(99): Illuminate\\Pipeline\\Pipeline->Illuminate\\Pipeline\\{closure}(Object(Illuminate\\Http\\Request))
#46 /Users/vikasverma/Projects/suwish/vendor/laravel/framework/src/Illuminate/Pipeline/Pipeline.php(183): Illuminate\\Foundation\\Http\\Middleware\\PreventRequestsDuringMaintenance->handle(Object(Illuminate\\Http\\Request), Object(Closure))
#47 /Users/vikasverma/Projects/suwish/vendor/laravel/framework/src/Illuminate/Http/Middleware/HandleCors.php(49): Illuminate\\Pipeline\\Pipeline->Illuminate\\Pipeline\\{closure}(Object(Illuminate\\Http\\Request))
#48 /Users/vikasverma/Projects/suwish/vendor/laravel/framework/src/Illuminate/Pipeline/Pipeline.php(183): Illuminate\\Http\\Middleware\\HandleCors->handle(Object(Illuminate\\Http\\Request), Object(Closure))
#49 /Users/vikasverma/Projects/suwish/vendor/laravel/framework/src/Illuminate/Http/Middleware/TrustProxies.php(39): Illuminate\\Pipeline\\Pipeline->Illuminate\\Pipeline\\{closure}(Object(Illuminate\\Http\\Request))
#50 /Users/vikasverma/Projects/suwish/vendor/laravel/framework/src/Illuminate/Pipeline/Pipeline.php(183): Illuminate\\Http\\Middleware\\TrustProxies->handle(Object(Illuminate\\Http\\Request), Object(Closure))
#51 /Users/vikasverma/Projects/suwish/vendor/laravel/framework/src/Illuminate/Pipeline/Pipeline.php(119): Illuminate\\Pipeline\\Pipeline->Illuminate\\Pipeline\\{closure}(Object(Illuminate\\Http\\Request))
#52 /Users/vikasverma/Projects/suwish/vendor/laravel/framework/src/Illuminate/Foundation/Http/Kernel.php(175): Illuminate\\Pipeline\\Pipeline->then(Object(Closure))
#53 /Users/vikasverma/Projects/suwish/vendor/laravel/framework/src/Illuminate/Foundation/Http/Kernel.php(144): Illuminate\\Foundation\\Http\\Kernel->sendRequestThroughRouter(Object(Illuminate\\Http\\Request))
#54 /Users/vikasverma/Projects/suwish/public/index.php(36): Illuminate\\Foundation\\Http\\Kernel->handle(Object(Illuminate\\Http\\Request))
#55 /Users/vikasverma/Projects/suwish/vendor/laravel/framework/src/Illuminate/Foundation/resources/server.php(16): require_once('/Users/vikasver...')
#56 {main}
"} 
<<<<<<< HEAD
=======
=======
=======
=======
>>>>>>> 98aee41 (updated)
>>>>>>> e2390c0 (updated)
>>>>>>> 662a0bf (updated)
[2025-12-27 18:06:06] laravel.EMERGENCY: Unable to create configured logger. Using emergency logger. {"exception":"[object] (InvalidArgumentException(code: 0): Log [] is not defined. at /home/bestprime-ecommerce/htdocs/ecommerce.bestprime.live/suvee/vendor/laravel/framework/src/Illuminate/Log/LogManager.php:212)
[stacktrace]
#0 /home/bestprime-ecommerce/htdocs/ecommerce.bestprime.live/suvee/vendor/laravel/framework/src/Illuminate/Log/LogManager.php(137): Illuminate\\Log\\LogManager->resolve()
#1 /home/bestprime-ecommerce/htdocs/ecommerce.bestprime.live/suvee/vendor/laravel/framework/src/Illuminate/Log/LogManager.php(124): Illuminate\\Log\\LogManager->get()
#2 /home/bestprime-ecommerce/htdocs/ecommerce.bestprime.live/suvee/vendor/laravel/framework/src/Illuminate/Log/LogManager.php(681): Illuminate\\Log\\LogManager->driver()
#3 /home/bestprime-ecommerce/htdocs/ecommerce.bestprime.live/suvee/vendor/laravel/framework/src/Illuminate/Foundation/Exceptions/Handler.php(317): Illuminate\\Log\\LogManager->error()
#4 /home/bestprime-ecommerce/htdocs/ecommerce.bestprime.live/suvee/vendor/laravel/framework/src/Illuminate/Foundation/Exceptions/Handler.php(278): Illuminate\\Foundation\\Exceptions\\Handler->reportThrowable()
#5 /home/bestprime-ecommerce/htdocs/ecommerce.bestprime.live/suvee/vendor/laravel/framework/src/Illuminate/Routing/Pipeline.php(49): Illuminate\\Foundation\\Exceptions\\Handler->report()
#6 /home/bestprime-ecommerce/htdocs/ecommerce.bestprime.live/suvee/vendor/laravel/framework/src/Illuminate/Pipeline/Pipeline.php(146): Illuminate\\Routing\\Pipeline->handleException()
#7 /home/bestprime-ecommerce/htdocs/ecommerce.bestprime.live/suvee/vendor/laravel/framework/src/Illuminate/Routing/Middleware/SubstituteBindings.php(50): Illuminate\\Pipeline\\Pipeline->{closure:Illuminate\\Pipeline\\Pipeline::prepareDestination():142}()
#8 /home/bestprime-ecommerce/htdocs/ecommerce.bestprime.live/suvee/vendor/laravel/framework/src/Illuminate/Pipeline/Pipeline.php(183): Illuminate\\Routing\\Middleware\\SubstituteBindings->handle()
#9 /home/bestprime-ecommerce/htdocs/ecommerce.bestprime.live/suvee/vendor/laravel/framework/src/Illuminate/Auth/Middleware/Authenticate.php(57): Illuminate\\Pipeline\\Pipeline->{closure:{closure:Illuminate\\Pipeline\\Pipeline::carry():158}:159}()
#10 /home/bestprime-ecommerce/htdocs/ecommerce.bestprime.live/suvee/vendor/laravel/framework/src/Illuminate/Pipeline/Pipeline.php(183): Illuminate\\Auth\\Middleware\\Authenticate->handle()
#11 /home/bestprime-ecommerce/htdocs/ecommerce.bestprime.live/suvee/vendor/laravel/framework/src/Illuminate/Foundation/Http/Middleware/VerifyCsrfToken.php(78): Illuminate\\Pipeline\\Pipeline->{closure:{closure:Illuminate\\Pipeline\\Pipeline::carry():158}:159}()
#12 /home/bestprime-ecommerce/htdocs/ecommerce.bestprime.live/suvee/vendor/laravel/framework/src/Illuminate/Pipeline/Pipeline.php(183): Illuminate\\Foundation\\Http\\Middleware\\VerifyCsrfToken->handle()
#13 /home/bestprime-ecommerce/htdocs/ecommerce.bestprime.live/suvee/vendor/laravel/framework/src/Illuminate/View/Middleware/ShareErrorsFromSession.php(49): Illuminate\\Pipeline\\Pipeline->{closure:{closure:Illuminate\\Pipeline\\Pipeline::carry():158}:159}()
#14 /home/bestprime-ecommerce/htdocs/ecommerce.bestprime.live/suvee/vendor/laravel/framework/src/Illuminate/Pipeline/Pipeline.php(183): Illuminate\\View\\Middleware\\ShareErrorsFromSession->handle()
#15 /home/bestprime-ecommerce/htdocs/ecommerce.bestprime.live/suvee/vendor/laravel/framework/src/Illuminate/Session/Middleware/StartSession.php(121): Illuminate\\Pipeline\\Pipeline->{closure:{closure:Illuminate\\Pipeline\\Pipeline::carry():158}:159}()
#16 /home/bestprime-ecommerce/htdocs/ecommerce.bestprime.live/suvee/vendor/laravel/framework/src/Illuminate/Session/Middleware/StartSession.php(64): Illuminate\\Session\\Middleware\\StartSession->handleStatefulRequest()
#17 /home/bestprime-ecommerce/htdocs/ecommerce.bestprime.live/suvee/vendor/laravel/framework/src/Illuminate/Pipeline/Pipeline.php(183): Illuminate\\Session\\Middleware\\StartSession->handle()
#18 /home/bestprime-ecommerce/htdocs/ecommerce.bestprime.live/suvee/vendor/laravel/framework/src/Illuminate/Cookie/Middleware/AddQueuedCookiesToResponse.php(37): Illuminate\\Pipeline\\Pipeline->{closure:{closure:Illuminate\\Pipeline\\Pipeline::carry():158}:159}()
#19 /home/bestprime-ecommerce/htdocs/ecommerce.bestprime.live/suvee/vendor/laravel/framework/src/Illuminate/Pipeline/Pipeline.php(183): Illuminate\\Cookie\\Middleware\\AddQueuedCookiesToResponse->handle()
#20 /home/bestprime-ecommerce/htdocs/ecommerce.bestprime.live/suvee/vendor/laravel/framework/src/Illuminate/Cookie/Middleware/EncryptCookies.php(67): Illuminate\\Pipeline\\Pipeline->{closure:{closure:Illuminate\\Pipeline\\Pipeline::carry():158}:159}()
#21 /home/bestprime-ecommerce/htdocs/ecommerce.bestprime.live/suvee/vendor/laravel/framework/src/Illuminate/Pipeline/Pipeline.php(183): Illuminate\\Cookie\\Middleware\\EncryptCookies->handle()
#22 /home/bestprime-ecommerce/htdocs/ecommerce.bestprime.live/suvee/vendor/laravel/framework/src/Illuminate/Pipeline/Pipeline.php(119): Illuminate\\Pipeline\\Pipeline->{closure:{closure:Illuminate\\Pipeline\\Pipeline::carry():158}:159}()
#23 /home/bestprime-ecommerce/htdocs/ecommerce.bestprime.live/suvee/vendor/laravel/framework/src/Illuminate/Routing/Router.php(805): Illuminate\\Pipeline\\Pipeline->then()
#24 /home/bestprime-ecommerce/htdocs/ecommerce.bestprime.live/suvee/vendor/laravel/framework/src/Illuminate/Routing/Router.php(784): Illuminate\\Routing\\Router->runRouteWithinStack()
#25 /home/bestprime-ecommerce/htdocs/ecommerce.bestprime.live/suvee/vendor/laravel/framework/src/Illuminate/Routing/Router.php(748): Illuminate\\Routing\\Router->runRoute()
#26 /home/bestprime-ecommerce/htdocs/ecommerce.bestprime.live/suvee/vendor/laravel/framework/src/Illuminate/Routing/Router.php(737): Illuminate\\Routing\\Router->dispatchToRoute()
#27 /home/bestprime-ecommerce/htdocs/ecommerce.bestprime.live/suvee/vendor/laravel/framework/src/Illuminate/Foundation/Http/Kernel.php(200): Illuminate\\Routing\\Router->dispatch()
#28 /home/bestprime-ecommerce/htdocs/ecommerce.bestprime.live/suvee/vendor/laravel/framework/src/Illuminate/Pipeline/Pipeline.php(144): Illuminate\\Foundation\\Http\\Kernel->{closure:Illuminate\\Foundation\\Http\\Kernel::dispatchToRouter():197}()
#29 /home/bestprime-ecommerce/htdocs/ecommerce.bestprime.live/suvee/vendor/laravel/framework/src/Illuminate/Foundation/Http/Middleware/TransformsRequest.php(21): Illuminate\\Pipeline\\Pipeline->{closure:Illuminate\\Pipeline\\Pipeline::prepareDestination():142}()
#30 /home/bestprime-ecommerce/htdocs/ecommerce.bestprime.live/suvee/vendor/laravel/framework/src/Illuminate/Foundation/Http/Middleware/ConvertEmptyStringsToNull.php(31): Illuminate\\Foundation\\Http\\Middleware\\TransformsRequest->handle()
#31 /home/bestprime-ecommerce/htdocs/ecommerce.bestprime.live/suvee/vendor/laravel/framework/src/Illuminate/Pipeline/Pipeline.php(183): Illuminate\\Foundation\\Http\\Middleware\\ConvertEmptyStringsToNull->handle()
#32 /home/bestprime-ecommerce/htdocs/ecommerce.bestprime.live/suvee/vendor/laravel/framework/src/Illuminate/Foundation/Http/Middleware/TransformsRequest.php(21): Illuminate\\Pipeline\\Pipeline->{closure:{closure:Illuminate\\Pipeline\\Pipeline::carry():158}:159}()
#33 /home/bestprime-ecommerce/htdocs/ecommerce.bestprime.live/suvee/vendor/laravel/framework/src/Illuminate/Foundation/Http/Middleware/TrimStrings.php(40): Illuminate\\Foundation\\Http\\Middleware\\TransformsRequest->handle()
#34 /home/bestprime-ecommerce/htdocs/ecommerce.bestprime.live/suvee/vendor/laravel/framework/src/Illuminate/Pipeline/Pipeline.php(183): Illuminate\\Foundation\\Http\\Middleware\\TrimStrings->handle()
#35 /home/bestprime-ecommerce/htdocs/ecommerce.bestprime.live/suvee/vendor/laravel/framework/src/Illuminate/Foundation/Http/Middleware/ValidatePostSize.php(27): Illuminate\\Pipeline\\Pipeline->{closure:{closure:Illuminate\\Pipeline\\Pipeline::carry():158}:159}()
#36 /home/bestprime-ecommerce/htdocs/ecommerce.bestprime.live/suvee/vendor/laravel/framework/src/Illuminate/Pipeline/Pipeline.php(183): Illuminate\\Foundation\\Http\\Middleware\\ValidatePostSize->handle()
#37 /home/bestprime-ecommerce/htdocs/ecommerce.bestprime.live/suvee/vendor/laravel/framework/src/Illuminate/Foundation/Http/Middleware/PreventRequestsDuringMaintenance.php(99): Illuminate\\Pipeline\\Pipeline->{closure:{closure:Illuminate\\Pipeline\\Pipeline::carry():158}:159}()
#38 /home/bestprime-ecommerce/htdocs/ecommerce.bestprime.live/suvee/vendor/laravel/framework/src/Illuminate/Pipeline/Pipeline.php(183): Illuminate\\Foundation\\Http\\Middleware\\PreventRequestsDuringMaintenance->handle()
#39 /home/bestprime-ecommerce/htdocs/ecommerce.bestprime.live/suvee/vendor/laravel/framework/src/Illuminate/Http/Middleware/HandleCors.php(49): Illuminate\\Pipeline\\Pipeline->{closure:{closure:Illuminate\\Pipeline\\Pipeline::carry():158}:159}()
#40 /home/bestprime-ecommerce/htdocs/ecommerce.bestprime.live/suvee/vendor/laravel/framework/src/Illuminate/Pipeline/Pipeline.php(183): Illuminate\\Http\\Middleware\\HandleCors->handle()
#41 /home/bestprime-ecommerce/htdocs/ecommerce.bestprime.live/suvee/vendor/laravel/framework/src/Illuminate/Http/Middleware/TrustProxies.php(39): Illuminate\\Pipeline\\Pipeline->{closure:{closure:Illuminate\\Pipeline\\Pipeline::carry():158}:159}()
#42 /home/bestprime-ecommerce/htdocs/ecommerce.bestprime.live/suvee/vendor/laravel/framework/src/Illuminate/Pipeline/Pipeline.php(183): Illuminate\\Http\\Middleware\\TrustProxies->handle()
#43 /home/bestprime-ecommerce/htdocs/ecommerce.bestprime.live/suvee/vendor/laravel/framework/src/Illuminate/Pipeline/Pipeline.php(119): Illuminate\\Pipeline\\Pipeline->{closure:{closure:Illuminate\\Pipeline\\Pipeline::carry():158}:159}()
#44 /home/bestprime-ecommerce/htdocs/ecommerce.bestprime.live/suvee/vendor/laravel/framework/src/Illuminate/Foundation/Http/Kernel.php(175): Illuminate\\Pipeline\\Pipeline->then()
#45 /home/bestprime-ecommerce/htdocs/ecommerce.bestprime.live/suvee/vendor/laravel/framework/src/Illuminate/Foundation/Http/Kernel.php(144): Illuminate\\Foundation\\Http\\Kernel->sendRequestThroughRouter()
#46 /home/bestprime-ecommerce/htdocs/ecommerce.bestprime.live/suvee/public/index.php(36): Illuminate\\Foundation\\Http\\Kernel->handle()
#47 {main}
"} 
[2025-12-27 18:06:06] laravel.ERROR: Attempt to read property "name" on null {"view":{"view":"/home/bestprime-ecommerce/htdocs/ecommerce.bestprime.live/suvee/resources/views/admin/products/index.blade.php","data":[]},"userId":1,"exception":"[object] (Spatie\\LaravelIgnition\\Exceptions\\ViewException(code: 0): Attempt to read property \"name\" on null at /home/bestprime-ecommerce/htdocs/ecommerce.bestprime.live/suvee/resources/views/admin/products/index.blade.php:37)
[stacktrace]
#0 /home/bestprime-ecommerce/htdocs/ecommerce.bestprime.live/suvee/vendor/laravel/framework/src/Illuminate/Filesystem/Filesystem.php(123): require('...')
#1 /home/bestprime-ecommerce/htdocs/ecommerce.bestprime.live/suvee/vendor/laravel/framework/src/Illuminate/Filesystem/Filesystem.php(124): Illuminate\\Filesystem\\Filesystem::{closure:Illuminate\\Filesystem\\Filesystem::getRequire():120}()
#2 /home/bestprime-ecommerce/htdocs/ecommerce.bestprime.live/suvee/vendor/laravel/framework/src/Illuminate/View/Engines/PhpEngine.php(58): Illuminate\\Filesystem\\Filesystem->getRequire()
#3 /home/bestprime-ecommerce/htdocs/ecommerce.bestprime.live/suvee/vendor/laravel/framework/src/Illuminate/View/Engines/CompilerEngine.php(72): Illuminate\\View\\Engines\\PhpEngine->evaluatePath()
#4 /home/bestprime-ecommerce/htdocs/ecommerce.bestprime.live/suvee/vendor/laravel/framework/src/Illuminate/View/View.php(207): Illuminate\\View\\Engines\\CompilerEngine->get()
#5 /home/bestprime-ecommerce/htdocs/ecommerce.bestprime.live/suvee/vendor/laravel/framework/src/Illuminate/View/View.php(190): Illuminate\\View\\View->getContents()
#6 /home/bestprime-ecommerce/htdocs/ecommerce.bestprime.live/suvee/vendor/laravel/framework/src/Illuminate/View/View.php(159): Illuminate\\View\\View->renderContents()
#7 /home/bestprime-ecommerce/htdocs/ecommerce.bestprime.live/suvee/vendor/laravel/framework/src/Illuminate/Http/Response.php(69): Illuminate\\View\\View->render()
#8 /home/bestprime-ecommerce/htdocs/ecommerce.bestprime.live/suvee/vendor/laravel/framework/src/Illuminate/Http/Response.php(35): Illuminate\\Http\\Response->setContent()
#9 /home/bestprime-ecommerce/htdocs/ecommerce.bestprime.live/suvee/vendor/laravel/framework/src/Illuminate/Routing/Router.php(918): Illuminate\\Http\\Response->__construct()
#10 /home/bestprime-ecommerce/htdocs/ecommerce.bestprime.live/suvee/vendor/laravel/framework/src/Illuminate/Routing/Router.php(885): Illuminate\\Routing\\Router::toResponse()
#11 /home/bestprime-ecommerce/htdocs/ecommerce.bestprime.live/suvee/vendor/laravel/framework/src/Illuminate/Routing/Router.php(805): Illuminate\\Routing\\Router->prepareResponse()
#12 /home/bestprime-ecommerce/htdocs/ecommerce.bestprime.live/suvee/vendor/laravel/framework/src/Illuminate/Pipeline/Pipeline.php(144): Illuminate\\Routing\\Router->{closure:Illuminate\\Routing\\Router::runRouteWithinStack():805}()
#13 /home/bestprime-ecommerce/htdocs/ecommerce.bestprime.live/suvee/vendor/laravel/framework/src/Illuminate/Routing/Middleware/SubstituteBindings.php(50): Illuminate\\Pipeline\\Pipeline->{closure:Illuminate\\Pipeline\\Pipeline::prepareDestination():142}()
#14 /home/bestprime-ecommerce/htdocs/ecommerce.bestprime.live/suvee/vendor/laravel/framework/src/Illuminate/Pipeline/Pipeline.php(183): Illuminate\\Routing\\Middleware\\SubstituteBindings->handle()
#15 /home/bestprime-ecommerce/htdocs/ecommerce.bestprime.live/suvee/vendor/laravel/framework/src/Illuminate/Auth/Middleware/Authenticate.php(57): Illuminate\\Pipeline\\Pipeline->{closure:{closure:Illuminate\\Pipeline\\Pipeline::carry():158}:159}()
#16 /home/bestprime-ecommerce/htdocs/ecommerce.bestprime.live/suvee/vendor/laravel/framework/src/Illuminate/Pipeline/Pipeline.php(183): Illuminate\\Auth\\Middleware\\Authenticate->handle()
#17 /home/bestprime-ecommerce/htdocs/ecommerce.bestprime.live/suvee/vendor/laravel/framework/src/Illuminate/Foundation/Http/Middleware/VerifyCsrfToken.php(78): Illuminate\\Pipeline\\Pipeline->{closure:{closure:Illuminate\\Pipeline\\Pipeline::carry():158}:159}()
#18 /home/bestprime-ecommerce/htdocs/ecommerce.bestprime.live/suvee/vendor/laravel/framework/src/Illuminate/Pipeline/Pipeline.php(183): Illuminate\\Foundation\\Http\\Middleware\\VerifyCsrfToken->handle()
#19 /home/bestprime-ecommerce/htdocs/ecommerce.bestprime.live/suvee/vendor/laravel/framework/src/Illuminate/View/Middleware/ShareErrorsFromSession.php(49): Illuminate\\Pipeline\\Pipeline->{closure:{closure:Illuminate\\Pipeline\\Pipeline::carry():158}:159}()
#20 /home/bestprime-ecommerce/htdocs/ecommerce.bestprime.live/suvee/vendor/laravel/framework/src/Illuminate/Pipeline/Pipeline.php(183): Illuminate\\View\\Middleware\\ShareErrorsFromSession->handle()
#21 /home/bestprime-ecommerce/htdocs/ecommerce.bestprime.live/suvee/vendor/laravel/framework/src/Illuminate/Session/Middleware/StartSession.php(121): Illuminate\\Pipeline\\Pipeline->{closure:{closure:Illuminate\\Pipeline\\Pipeline::carry():158}:159}()
#22 /home/bestprime-ecommerce/htdocs/ecommerce.bestprime.live/suvee/vendor/laravel/framework/src/Illuminate/Session/Middleware/StartSession.php(64): Illuminate\\Session\\Middleware\\StartSession->handleStatefulRequest()
#23 /home/bestprime-ecommerce/htdocs/ecommerce.bestprime.live/suvee/vendor/laravel/framework/src/Illuminate/Pipeline/Pipeline.php(183): Illuminate\\Session\\Middleware\\StartSession->handle()
#24 /home/bestprime-ecommerce/htdocs/ecommerce.bestprime.live/suvee/vendor/laravel/framework/src/Illuminate/Cookie/Middleware/AddQueuedCookiesToResponse.php(37): Illuminate\\Pipeline\\Pipeline->{closure:{closure:Illuminate\\Pipeline\\Pipeline::carry():158}:159}()
#25 /home/bestprime-ecommerce/htdocs/ecommerce.bestprime.live/suvee/vendor/laravel/framework/src/Illuminate/Pipeline/Pipeline.php(183): Illuminate\\Cookie\\Middleware\\AddQueuedCookiesToResponse->handle()
#26 /home/bestprime-ecommerce/htdocs/ecommerce.bestprime.live/suvee/vendor/laravel/framework/src/Illuminate/Cookie/Middleware/EncryptCookies.php(67): Illuminate\\Pipeline\\Pipeline->{closure:{closure:Illuminate\\Pipeline\\Pipeline::carry():158}:159}()
#27 /home/bestprime-ecommerce/htdocs/ecommerce.bestprime.live/suvee/vendor/laravel/framework/src/Illuminate/Pipeline/Pipeline.php(183): Illuminate\\Cookie\\Middleware\\EncryptCookies->handle()
#28 /home/bestprime-ecommerce/htdocs/ecommerce.bestprime.live/suvee/vendor/laravel/framework/src/Illuminate/Pipeline/Pipeline.php(119): Illuminate\\Pipeline\\Pipeline->{closure:{closure:Illuminate\\Pipeline\\Pipeline::carry():158}:159}()
#29 /home/bestprime-ecommerce/htdocs/ecommerce.bestprime.live/suvee/vendor/laravel/framework/src/Illuminate/Routing/Router.php(805): Illuminate\\Pipeline\\Pipeline->then()
#30 /home/bestprime-ecommerce/htdocs/ecommerce.bestprime.live/suvee/vendor/laravel/framework/src/Illuminate/Routing/Router.php(784): Illuminate\\Routing\\Router->runRouteWithinStack()
#31 /home/bestprime-ecommerce/htdocs/ecommerce.bestprime.live/suvee/vendor/laravel/framework/src/Illuminate/Routing/Router.php(748): Illuminate\\Routing\\Router->runRoute()
#32 /home/bestprime-ecommerce/htdocs/ecommerce.bestprime.live/suvee/vendor/laravel/framework/src/Illuminate/Routing/Router.php(737): Illuminate\\Routing\\Router->dispatchToRoute()
#33 /home/bestprime-ecommerce/htdocs/ecommerce.bestprime.live/suvee/vendor/laravel/framework/src/Illuminate/Foundation/Http/Kernel.php(200): Illuminate\\Routing\\Router->dispatch()
#34 /home/bestprime-ecommerce/htdocs/ecommerce.bestprime.live/suvee/vendor/laravel/framework/src/Illuminate/Pipeline/Pipeline.php(144): Illuminate\\Foundation\\Http\\Kernel->{closure:Illuminate\\Foundation\\Http\\Kernel::dispatchToRouter():197}()
#35 /home/bestprime-ecommerce/htdocs/ecommerce.bestprime.live/suvee/vendor/laravel/framework/src/Illuminate/Foundation/Http/Middleware/TransformsRequest.php(21): Illuminate\\Pipeline\\Pipeline->{closure:Illuminate\\Pipeline\\Pipeline::prepareDestination():142}()
#36 /home/bestprime-ecommerce/htdocs/ecommerce.bestprime.live/suvee/vendor/laravel/framework/src/Illuminate/Foundation/Http/Middleware/ConvertEmptyStringsToNull.php(31): Illuminate\\Foundation\\Http\\Middleware\\TransformsRequest->handle()
#37 /home/bestprime-ecommerce/htdocs/ecommerce.bestprime.live/suvee/vendor/laravel/framework/src/Illuminate/Pipeline/Pipeline.php(183): Illuminate\\Foundation\\Http\\Middleware\\ConvertEmptyStringsToNull->handle()
#38 /home/bestprime-ecommerce/htdocs/ecommerce.bestprime.live/suvee/vendor/laravel/framework/src/Illuminate/Foundation/Http/Middleware/TransformsRequest.php(21): Illuminate\\Pipeline\\Pipeline->{closure:{closure:Illuminate\\Pipeline\\Pipeline::carry():158}:159}()
#39 /home/bestprime-ecommerce/htdocs/ecommerce.bestprime.live/suvee/vendor/laravel/framework/src/Illuminate/Foundation/Http/Middleware/TrimStrings.php(40): Illuminate\\Foundation\\Http\\Middleware\\TransformsRequest->handle()
#40 /home/bestprime-ecommerce/htdocs/ecommerce.bestprime.live/suvee/vendor/laravel/framework/src/Illuminate/Pipeline/Pipeline.php(183): Illuminate\\Foundation\\Http\\Middleware\\TrimStrings->handle()
#41 /home/bestprime-ecommerce/htdocs/ecommerce.bestprime.live/suvee/vendor/laravel/framework/src/Illuminate/Foundation/Http/Middleware/ValidatePostSize.php(27): Illuminate\\Pipeline\\Pipeline->{closure:{closure:Illuminate\\Pipeline\\Pipeline::carry():158}:159}()
#42 /home/bestprime-ecommerce/htdocs/ecommerce.bestprime.live/suvee/vendor/laravel/framework/src/Illuminate/Pipeline/Pipeline.php(183): Illuminate\\Foundation\\Http\\Middleware\\ValidatePostSize->handle()
#43 /home/bestprime-ecommerce/htdocs/ecommerce.bestprime.live/suvee/vendor/laravel/framework/src/Illuminate/Foundation/Http/Middleware/PreventRequestsDuringMaintenance.php(99): Illuminate\\Pipeline\\Pipeline->{closure:{closure:Illuminate\\Pipeline\\Pipeline::carry():158}:159}()
#44 /home/bestprime-ecommerce/htdocs/ecommerce.bestprime.live/suvee/vendor/laravel/framework/src/Illuminate/Pipeline/Pipeline.php(183): Illuminate\\Foundation\\Http\\Middleware\\PreventRequestsDuringMaintenance->handle()
#45 /home/bestprime-ecommerce/htdocs/ecommerce.bestprime.live/suvee/vendor/laravel/framework/src/Illuminate/Http/Middleware/HandleCors.php(49): Illuminate\\Pipeline\\Pipeline->{closure:{closure:Illuminate\\Pipeline\\Pipeline::carry():158}:159}()
#46 /home/bestprime-ecommerce/htdocs/ecommerce.bestprime.live/suvee/vendor/laravel/framework/src/Illuminate/Pipeline/Pipeline.php(183): Illuminate\\Http\\Middleware\\HandleCors->handle()
#47 /home/bestprime-ecommerce/htdocs/ecommerce.bestprime.live/suvee/vendor/laravel/framework/src/Illuminate/Http/Middleware/TrustProxies.php(39): Illuminate\\Pipeline\\Pipeline->{closure:{closure:Illuminate\\Pipeline\\Pipeline::carry():158}:159}()
#48 /home/bestprime-ecommerce/htdocs/ecommerce.bestprime.live/suvee/vendor/laravel/framework/src/Illuminate/Pipeline/Pipeline.php(183): Illuminate\\Http\\Middleware\\TrustProxies->handle()
#49 /home/bestprime-ecommerce/htdocs/ecommerce.bestprime.live/suvee/vendor/laravel/framework/src/Illuminate/Pipeline/Pipeline.php(119): Illuminate\\Pipeline\\Pipeline->{closure:{closure:Illuminate\\Pipeline\\Pipeline::carry():158}:159}()
#50 /home/bestprime-ecommerce/htdocs/ecommerce.bestprime.live/suvee/vendor/laravel/framework/src/Illuminate/Foundation/Http/Kernel.php(175): Illuminate\\Pipeline\\Pipeline->then()
#51 /home/bestprime-ecommerce/htdocs/ecommerce.bestprime.live/suvee/vendor/laravel/framework/src/Illuminate/Foundation/Http/Kernel.php(144): Illuminate\\Foundation\\Http\\Kernel->sendRequestThroughRouter()
#52 /home/bestprime-ecommerce/htdocs/ecommerce.bestprime.live/suvee/public/index.php(36): Illuminate\\Foundation\\Http\\Kernel->handle()
#53 {main}

[previous exception] [object] (ErrorException(code: 0): Attempt to read property \"name\" on null at /home/bestprime-ecommerce/htdocs/ecommerce.bestprime.live/suvee/storage/framework/views/f4028e63ec046d94ee90c9d581f1080b.php:35)
[stacktrace]
#0 /home/bestprime-ecommerce/htdocs/ecommerce.bestprime.live/suvee/vendor/laravel/framework/src/Illuminate/Foundation/Bootstrap/HandleExceptions.php(255): Illuminate\\Foundation\\Bootstrap\\HandleExceptions->handleError()
#1 /home/bestprime-ecommerce/htdocs/ecommerce.bestprime.live/suvee/storage/framework/views/f4028e63ec046d94ee90c9d581f1080b.php(35): Illuminate\\Foundation\\Bootstrap\\HandleExceptions->{closure:Illuminate\\Foundation\\Bootstrap\\HandleExceptions::forwardsTo():254}()
#2 /home/bestprime-ecommerce/htdocs/ecommerce.bestprime.live/suvee/vendor/laravel/framework/src/Illuminate/Filesystem/Filesystem.php(123): require('...')
#3 /home/bestprime-ecommerce/htdocs/ecommerce.bestprime.live/suvee/vendor/laravel/framework/src/Illuminate/Filesystem/Filesystem.php(124): Illuminate\\Filesystem\\Filesystem::{closure:Illuminate\\Filesystem\\Filesystem::getRequire():120}()
#4 /home/bestprime-ecommerce/htdocs/ecommerce.bestprime.live/suvee/vendor/laravel/framework/src/Illuminate/View/Engines/PhpEngine.php(58): Illuminate\\Filesystem\\Filesystem->getRequire()
#5 /home/bestprime-ecommerce/htdocs/ecommerce.bestprime.live/suvee/vendor/laravel/framework/src/Illuminate/View/Engines/CompilerEngine.php(72): Illuminate\\View\\Engines\\PhpEngine->evaluatePath()
#6 /home/bestprime-ecommerce/htdocs/ecommerce.bestprime.live/suvee/vendor/laravel/framework/src/Illuminate/View/View.php(207): Illuminate\\View\\Engines\\CompilerEngine->get()
#7 /home/bestprime-ecommerce/htdocs/ecommerce.bestprime.live/suvee/vendor/laravel/framework/src/Illuminate/View/View.php(190): Illuminate\\View\\View->getContents()
#8 /home/bestprime-ecommerce/htdocs/ecommerce.bestprime.live/suvee/vendor/laravel/framework/src/Illuminate/View/View.php(159): Illuminate\\View\\View->renderContents()
#9 /home/bestprime-ecommerce/htdocs/ecommerce.bestprime.live/suvee/vendor/laravel/framework/src/Illuminate/Http/Response.php(69): Illuminate\\View\\View->render()
#10 /home/bestprime-ecommerce/htdocs/ecommerce.bestprime.live/suvee/vendor/laravel/framework/src/Illuminate/Http/Response.php(35): Illuminate\\Http\\Response->setContent()
#11 /home/bestprime-ecommerce/htdocs/ecommerce.bestprime.live/suvee/vendor/laravel/framework/src/Illuminate/Routing/Router.php(918): Illuminate\\Http\\Response->__construct()
#12 /home/bestprime-ecommerce/htdocs/ecommerce.bestprime.live/suvee/vendor/laravel/framework/src/Illuminate/Routing/Router.php(885): Illuminate\\Routing\\Router::toResponse()
#13 /home/bestprime-ecommerce/htdocs/ecommerce.bestprime.live/suvee/vendor/laravel/framework/src/Illuminate/Routing/Router.php(805): Illuminate\\Routing\\Router->prepareResponse()
#14 /home/bestprime-ecommerce/htdocs/ecommerce.bestprime.live/suvee/vendor/laravel/framework/src/Illuminate/Pipeline/Pipeline.php(144): Illuminate\\Routing\\Router->{closure:Illuminate\\Routing\\Router::runRouteWithinStack():805}()
#15 /home/bestprime-ecommerce/htdocs/ecommerce.bestprime.live/suvee/vendor/laravel/framework/src/Illuminate/Routing/Middleware/SubstituteBindings.php(50): Illuminate\\Pipeline\\Pipeline->{closure:Illuminate\\Pipeline\\Pipeline::prepareDestination():142}()
#16 /home/bestprime-ecommerce/htdocs/ecommerce.bestprime.live/suvee/vendor/laravel/framework/src/Illuminate/Pipeline/Pipeline.php(183): Illuminate\\Routing\\Middleware\\SubstituteBindings->handle()
#17 /home/bestprime-ecommerce/htdocs/ecommerce.bestprime.live/suvee/vendor/laravel/framework/src/Illuminate/Auth/Middleware/Authenticate.php(57): Illuminate\\Pipeline\\Pipeline->{closure:{closure:Illuminate\\Pipeline\\Pipeline::carry():158}:159}()
#18 /home/bestprime-ecommerce/htdocs/ecommerce.bestprime.live/suvee/vendor/laravel/framework/src/Illuminate/Pipeline/Pipeline.php(183): Illuminate\\Auth\\Middleware\\Authenticate->handle()
#19 /home/bestprime-ecommerce/htdocs/ecommerce.bestprime.live/suvee/vendor/laravel/framework/src/Illuminate/Foundation/Http/Middleware/VerifyCsrfToken.php(78): Illuminate\\Pipeline\\Pipeline->{closure:{closure:Illuminate\\Pipeline\\Pipeline::carry():158}:159}()
#20 /home/bestprime-ecommerce/htdocs/ecommerce.bestprime.live/suvee/vendor/laravel/framework/src/Illuminate/Pipeline/Pipeline.php(183): Illuminate\\Foundation\\Http\\Middleware\\VerifyCsrfToken->handle()
#21 /home/bestprime-ecommerce/htdocs/ecommerce.bestprime.live/suvee/vendor/laravel/framework/src/Illuminate/View/Middleware/ShareErrorsFromSession.php(49): Illuminate\\Pipeline\\Pipeline->{closure:{closure:Illuminate\\Pipeline\\Pipeline::carry():158}:159}()
#22 /home/bestprime-ecommerce/htdocs/ecommerce.bestprime.live/suvee/vendor/laravel/framework/src/Illuminate/Pipeline/Pipeline.php(183): Illuminate\\View\\Middleware\\ShareErrorsFromSession->handle()
#23 /home/bestprime-ecommerce/htdocs/ecommerce.bestprime.live/suvee/vendor/laravel/framework/src/Illuminate/Session/Middleware/StartSession.php(121): Illuminate\\Pipeline\\Pipeline->{closure:{closure:Illuminate\\Pipeline\\Pipeline::carry():158}:159}()
#24 /home/bestprime-ecommerce/htdocs/ecommerce.bestprime.live/suvee/vendor/laravel/framework/src/Illuminate/Session/Middleware/StartSession.php(64): Illuminate\\Session\\Middleware\\StartSession->handleStatefulRequest()
#25 /home/bestprime-ecommerce/htdocs/ecommerce.bestprime.live/suvee/vendor/laravel/framework/src/Illuminate/Pipeline/Pipeline.php(183): Illuminate\\Session\\Middleware\\StartSession->handle()
#26 /home/bestprime-ecommerce/htdocs/ecommerce.bestprime.live/suvee/vendor/laravel/framework/src/Illuminate/Cookie/Middleware/AddQueuedCookiesToResponse.php(37): Illuminate\\Pipeline\\Pipeline->{closure:{closure:Illuminate\\Pipeline\\Pipeline::carry():158}:159}()
#27 /home/bestprime-ecommerce/htdocs/ecommerce.bestprime.live/suvee/vendor/laravel/framework/src/Illuminate/Pipeline/Pipeline.php(183): Illuminate\\Cookie\\Middleware\\AddQueuedCookiesToResponse->handle()
#28 /home/bestprime-ecommerce/htdocs/ecommerce.bestprime.live/suvee/vendor/laravel/framework/src/Illuminate/Cookie/Middleware/EncryptCookies.php(67): Illuminate\\Pipeline\\Pipeline->{closure:{closure:Illuminate\\Pipeline\\Pipeline::carry():158}:159}()
#29 /home/bestprime-ecommerce/htdocs/ecommerce.bestprime.live/suvee/vendor/laravel/framework/src/Illuminate/Pipeline/Pipeline.php(183): Illuminate\\Cookie\\Middleware\\EncryptCookies->handle()
#30 /home/bestprime-ecommerce/htdocs/ecommerce.bestprime.live/suvee/vendor/laravel/framework/src/Illuminate/Pipeline/Pipeline.php(119): Illuminate\\Pipeline\\Pipeline->{closure:{closure:Illuminate\\Pipeline\\Pipeline::carry():158}:159}()
#31 /home/bestprime-ecommerce/htdocs/ecommerce.bestprime.live/suvee/vendor/laravel/framework/src/Illuminate/Routing/Router.php(805): Illuminate\\Pipeline\\Pipeline->then()
#32 /home/bestprime-ecommerce/htdocs/ecommerce.bestprime.live/suvee/vendor/laravel/framework/src/Illuminate/Routing/Router.php(784): Illuminate\\Routing\\Router->runRouteWithinStack()
#33 /home/bestprime-ecommerce/htdocs/ecommerce.bestprime.live/suvee/vendor/laravel/framework/src/Illuminate/Routing/Router.php(748): Illuminate\\Routing\\Router->runRoute()
#34 /home/bestprime-ecommerce/htdocs/ecommerce.bestprime.live/suvee/vendor/laravel/framework/src/Illuminate/Routing/Router.php(737): Illuminate\\Routing\\Router->dispatchToRoute()
#35 /home/bestprime-ecommerce/htdocs/ecommerce.bestprime.live/suvee/vendor/laravel/framework/src/Illuminate/Foundation/Http/Kernel.php(200): Illuminate\\Routing\\Router->dispatch()
#36 /home/bestprime-ecommerce/htdocs/ecommerce.bestprime.live/suvee/vendor/laravel/framework/src/Illuminate/Pipeline/Pipeline.php(144): Illuminate\\Foundation\\Http\\Kernel->{closure:Illuminate\\Foundation\\Http\\Kernel::dispatchToRouter():197}()
#37 /home/bestprime-ecommerce/htdocs/ecommerce.bestprime.live/suvee/vendor/laravel/framework/src/Illuminate/Foundation/Http/Middleware/TransformsRequest.php(21): Illuminate\\Pipeline\\Pipeline->{closure:Illuminate\\Pipeline\\Pipeline::prepareDestination():142}()
#38 /home/bestprime-ecommerce/htdocs/ecommerce.bestprime.live/suvee/vendor/laravel/framework/src/Illuminate/Foundation/Http/Middleware/ConvertEmptyStringsToNull.php(31): Illuminate\\Foundation\\Http\\Middleware\\TransformsRequest->handle()
#39 /home/bestprime-ecommerce/htdocs/ecommerce.bestprime.live/suvee/vendor/laravel/framework/src/Illuminate/Pipeline/Pipeline.php(183): Illuminate\\Foundation\\Http\\Middleware\\ConvertEmptyStringsToNull->handle()
#40 /home/bestprime-ecommerce/htdocs/ecommerce.bestprime.live/suvee/vendor/laravel/framework/src/Illuminate/Foundation/Http/Middleware/TransformsRequest.php(21): Illuminate\\Pipeline\\Pipeline->{closure:{closure:Illuminate\\Pipeline\\Pipeline::carry():158}:159}()
#41 /home/bestprime-ecommerce/htdocs/ecommerce.bestprime.live/suvee/vendor/laravel/framework/src/Illuminate/Foundation/Http/Middleware/TrimStrings.php(40): Illuminate\\Foundation\\Http\\Middleware\\TransformsRequest->handle()
#42 /home/bestprime-ecommerce/htdocs/ecommerce.bestprime.live/suvee/vendor/laravel/framework/src/Illuminate/Pipeline/Pipeline.php(183): Illuminate\\Foundation\\Http\\Middleware\\TrimStrings->handle()
#43 /home/bestprime-ecommerce/htdocs/ecommerce.bestprime.live/suvee/vendor/laravel/framework/src/Illuminate/Foundation/Http/Middleware/ValidatePostSize.php(27): Illuminate\\Pipeline\\Pipeline->{closure:{closure:Illuminate\\Pipeline\\Pipeline::carry():158}:159}()
#44 /home/bestprime-ecommerce/htdocs/ecommerce.bestprime.live/suvee/vendor/laravel/framework/src/Illuminate/Pipeline/Pipeline.php(183): Illuminate\\Foundation\\Http\\Middleware\\ValidatePostSize->handle()
#45 /home/bestprime-ecommerce/htdocs/ecommerce.bestprime.live/suvee/vendor/laravel/framework/src/Illuminate/Foundation/Http/Middleware/PreventRequestsDuringMaintenance.php(99): Illuminate\\Pipeline\\Pipeline->{closure:{closure:Illuminate\\Pipeline\\Pipeline::carry():158}:159}()
#46 /home/bestprime-ecommerce/htdocs/ecommerce.bestprime.live/suvee/vendor/laravel/framework/src/Illuminate/Pipeline/Pipeline.php(183): Illuminate\\Foundation\\Http\\Middleware\\PreventRequestsDuringMaintenance->handle()
#47 /home/bestprime-ecommerce/htdocs/ecommerce.bestprime.live/suvee/vendor/laravel/framework/src/Illuminate/Http/Middleware/HandleCors.php(49): Illuminate\\Pipeline\\Pipeline->{closure:{closure:Illuminate\\Pipeline\\Pipeline::carry():158}:159}()
#48 /home/bestprime-ecommerce/htdocs/ecommerce.bestprime.live/suvee/vendor/laravel/framework/src/Illuminate/Pipeline/Pipeline.php(183): Illuminate\\Http\\Middleware\\HandleCors->handle()
#49 /home/bestprime-ecommerce/htdocs/ecommerce.bestprime.live/suvee/vendor/laravel/framework/src/Illuminate/Http/Middleware/TrustProxies.php(39): Illuminate\\Pipeline\\Pipeline->{closure:{closure:Illuminate\\Pipeline\\Pipeline::carry():158}:159}()
#50 /home/bestprime-ecommerce/htdocs/ecommerce.bestprime.live/suvee/vendor/laravel/framework/src/Illuminate/Pipeline/Pipeline.php(183): Illuminate\\Http\\Middleware\\TrustProxies->handle()
#51 /home/bestprime-ecommerce/htdocs/ecommerce.bestprime.live/suvee/vendor/laravel/framework/src/Illuminate/Pipeline/Pipeline.php(119): Illuminate\\Pipeline\\Pipeline->{closure:{closure:Illuminate\\Pipeline\\Pipeline::carry():158}:159}()
#52 /home/bestprime-ecommerce/htdocs/ecommerce.bestprime.live/suvee/vendor/laravel/framework/src/Illuminate/Foundation/Http/Kernel.php(175): Illuminate\\Pipeline\\Pipeline->then()
#53 /home/bestprime-ecommerce/htdocs/ecommerce.bestprime.live/suvee/vendor/laravel/framework/src/Illuminate/Foundation/Http/Kernel.php(144): Illuminate\\Foundation\\Http\\Kernel->sendRequestThroughRouter()
#54 /home/bestprime-ecommerce/htdocs/ecommerce.bestprime.live/suvee/public/index.php(36): Illuminate\\Foundation\\Http\\Kernel->handle()
#55 {main}
"} 
[2025-12-27 18:06:23] laravel.EMERGENCY: Unable to create configured logger. Using emergency logger. {"exception":"[object] (InvalidArgumentException(code: 0): Log [] is not defined. at /home/bestprime-ecommerce/htdocs/ecommerce.bestprime.live/suvee/vendor/laravel/framework/src/Illuminate/Log/LogManager.php:212)
[stacktrace]
#0 /home/bestprime-ecommerce/htdocs/ecommerce.bestprime.live/suvee/vendor/laravel/framework/src/Illuminate/Log/LogManager.php(137): Illuminate\\Log\\LogManager->resolve()
#1 /home/bestprime-ecommerce/htdocs/ecommerce.bestprime.live/suvee/vendor/laravel/framework/src/Illuminate/Log/LogManager.php(124): Illuminate\\Log\\LogManager->get()
#2 /home/bestprime-ecommerce/htdocs/ecommerce.bestprime.live/suvee/vendor/laravel/framework/src/Illuminate/Log/LogManager.php(681): Illuminate\\Log\\LogManager->driver()
#3 /home/bestprime-ecommerce/htdocs/ecommerce.bestprime.live/suvee/vendor/laravel/framework/src/Illuminate/Foundation/Exceptions/Handler.php(317): Illuminate\\Log\\LogManager->error()
#4 /home/bestprime-ecommerce/htdocs/ecommerce.bestprime.live/suvee/vendor/laravel/framework/src/Illuminate/Foundation/Exceptions/Handler.php(278): Illuminate\\Foundation\\Exceptions\\Handler->reportThrowable()
#5 /home/bestprime-ecommerce/htdocs/ecommerce.bestprime.live/suvee/vendor/laravel/framework/src/Illuminate/Routing/Pipeline.php(49): Illuminate\\Foundation\\Exceptions\\Handler->report()
#6 /home/bestprime-ecommerce/htdocs/ecommerce.bestprime.live/suvee/vendor/laravel/framework/src/Illuminate/Pipeline/Pipeline.php(146): Illuminate\\Routing\\Pipeline->handleException()
#7 /home/bestprime-ecommerce/htdocs/ecommerce.bestprime.live/suvee/vendor/laravel/framework/src/Illuminate/Routing/Middleware/SubstituteBindings.php(50): Illuminate\\Pipeline\\Pipeline->{closure:Illuminate\\Pipeline\\Pipeline::prepareDestination():142}()
#8 /home/bestprime-ecommerce/htdocs/ecommerce.bestprime.live/suvee/vendor/laravel/framework/src/Illuminate/Pipeline/Pipeline.php(183): Illuminate\\Routing\\Middleware\\SubstituteBindings->handle()
#9 /home/bestprime-ecommerce/htdocs/ecommerce.bestprime.live/suvee/vendor/laravel/framework/src/Illuminate/Auth/Middleware/Authenticate.php(57): Illuminate\\Pipeline\\Pipeline->{closure:{closure:Illuminate\\Pipeline\\Pipeline::carry():158}:159}()
#10 /home/bestprime-ecommerce/htdocs/ecommerce.bestprime.live/suvee/vendor/laravel/framework/src/Illuminate/Pipeline/Pipeline.php(183): Illuminate\\Auth\\Middleware\\Authenticate->handle()
#11 /home/bestprime-ecommerce/htdocs/ecommerce.bestprime.live/suvee/vendor/laravel/framework/src/Illuminate/Foundation/Http/Middleware/VerifyCsrfToken.php(78): Illuminate\\Pipeline\\Pipeline->{closure:{closure:Illuminate\\Pipeline\\Pipeline::carry():158}:159}()
#12 /home/bestprime-ecommerce/htdocs/ecommerce.bestprime.live/suvee/vendor/laravel/framework/src/Illuminate/Pipeline/Pipeline.php(183): Illuminate\\Foundation\\Http\\Middleware\\VerifyCsrfToken->handle()
#13 /home/bestprime-ecommerce/htdocs/ecommerce.bestprime.live/suvee/vendor/laravel/framework/src/Illuminate/View/Middleware/ShareErrorsFromSession.php(49): Illuminate\\Pipeline\\Pipeline->{closure:{closure:Illuminate\\Pipeline\\Pipeline::carry():158}:159}()
#14 /home/bestprime-ecommerce/htdocs/ecommerce.bestprime.live/suvee/vendor/laravel/framework/src/Illuminate/Pipeline/Pipeline.php(183): Illuminate\\View\\Middleware\\ShareErrorsFromSession->handle()
#15 /home/bestprime-ecommerce/htdocs/ecommerce.bestprime.live/suvee/vendor/laravel/framework/src/Illuminate/Session/Middleware/StartSession.php(121): Illuminate\\Pipeline\\Pipeline->{closure:{closure:Illuminate\\Pipeline\\Pipeline::carry():158}:159}()
#16 /home/bestprime-ecommerce/htdocs/ecommerce.bestprime.live/suvee/vendor/laravel/framework/src/Illuminate/Session/Middleware/StartSession.php(64): Illuminate\\Session\\Middleware\\StartSession->handleStatefulRequest()
#17 /home/bestprime-ecommerce/htdocs/ecommerce.bestprime.live/suvee/vendor/laravel/framework/src/Illuminate/Pipeline/Pipeline.php(183): Illuminate\\Session\\Middleware\\StartSession->handle()
#18 /home/bestprime-ecommerce/htdocs/ecommerce.bestprime.live/suvee/vendor/laravel/framework/src/Illuminate/Cookie/Middleware/AddQueuedCookiesToResponse.php(37): Illuminate\\Pipeline\\Pipeline->{closure:{closure:Illuminate\\Pipeline\\Pipeline::carry():158}:159}()
#19 /home/bestprime-ecommerce/htdocs/ecommerce.bestprime.live/suvee/vendor/laravel/framework/src/Illuminate/Pipeline/Pipeline.php(183): Illuminate\\Cookie\\Middleware\\AddQueuedCookiesToResponse->handle()
#20 /home/bestprime-ecommerce/htdocs/ecommerce.bestprime.live/suvee/vendor/laravel/framework/src/Illuminate/Cookie/Middleware/EncryptCookies.php(67): Illuminate\\Pipeline\\Pipeline->{closure:{closure:Illuminate\\Pipeline\\Pipeline::carry():158}:159}()
#21 /home/bestprime-ecommerce/htdocs/ecommerce.bestprime.live/suvee/vendor/laravel/framework/src/Illuminate/Pipeline/Pipeline.php(183): Illuminate\\Cookie\\Middleware\\EncryptCookies->handle()
#22 /home/bestprime-ecommerce/htdocs/ecommerce.bestprime.live/suvee/vendor/laravel/framework/src/Illuminate/Pipeline/Pipeline.php(119): Illuminate\\Pipeline\\Pipeline->{closure:{closure:Illuminate\\Pipeline\\Pipeline::carry():158}:159}()
#23 /home/bestprime-ecommerce/htdocs/ecommerce.bestprime.live/suvee/vendor/laravel/framework/src/Illuminate/Routing/Router.php(805): Illuminate\\Pipeline\\Pipeline->then()
#24 /home/bestprime-ecommerce/htdocs/ecommerce.bestprime.live/suvee/vendor/laravel/framework/src/Illuminate/Routing/Router.php(784): Illuminate\\Routing\\Router->runRouteWithinStack()
#25 /home/bestprime-ecommerce/htdocs/ecommerce.bestprime.live/suvee/vendor/laravel/framework/src/Illuminate/Routing/Router.php(748): Illuminate\\Routing\\Router->runRoute()
#26 /home/bestprime-ecommerce/htdocs/ecommerce.bestprime.live/suvee/vendor/laravel/framework/src/Illuminate/Routing/Router.php(737): Illuminate\\Routing\\Router->dispatchToRoute()
#27 /home/bestprime-ecommerce/htdocs/ecommerce.bestprime.live/suvee/vendor/laravel/framework/src/Illuminate/Foundation/Http/Kernel.php(200): Illuminate\\Routing\\Router->dispatch()
#28 /home/bestprime-ecommerce/htdocs/ecommerce.bestprime.live/suvee/vendor/laravel/framework/src/Illuminate/Pipeline/Pipeline.php(144): Illuminate\\Foundation\\Http\\Kernel->{closure:Illuminate\\Foundation\\Http\\Kernel::dispatchToRouter():197}()
#29 /home/bestprime-ecommerce/htdocs/ecommerce.bestprime.live/suvee/vendor/laravel/framework/src/Illuminate/Foundation/Http/Middleware/TransformsRequest.php(21): Illuminate\\Pipeline\\Pipeline->{closure:Illuminate\\Pipeline\\Pipeline::prepareDestination():142}()
#30 /home/bestprime-ecommerce/htdocs/ecommerce.bestprime.live/suvee/vendor/laravel/framework/src/Illuminate/Foundation/Http/Middleware/ConvertEmptyStringsToNull.php(31): Illuminate\\Foundation\\Http\\Middleware\\TransformsRequest->handle()
#31 /home/bestprime-ecommerce/htdocs/ecommerce.bestprime.live/suvee/vendor/laravel/framework/src/Illuminate/Pipeline/Pipeline.php(183): Illuminate\\Foundation\\Http\\Middleware\\ConvertEmptyStringsToNull->handle()
#32 /home/bestprime-ecommerce/htdocs/ecommerce.bestprime.live/suvee/vendor/laravel/framework/src/Illuminate/Foundation/Http/Middleware/TransformsRequest.php(21): Illuminate\\Pipeline\\Pipeline->{closure:{closure:Illuminate\\Pipeline\\Pipeline::carry():158}:159}()
#33 /home/bestprime-ecommerce/htdocs/ecommerce.bestprime.live/suvee/vendor/laravel/framework/src/Illuminate/Foundation/Http/Middleware/TrimStrings.php(40): Illuminate\\Foundation\\Http\\Middleware\\TransformsRequest->handle()
#34 /home/bestprime-ecommerce/htdocs/ecommerce.bestprime.live/suvee/vendor/laravel/framework/src/Illuminate/Pipeline/Pipeline.php(183): Illuminate\\Foundation\\Http\\Middleware\\TrimStrings->handle()
#35 /home/bestprime-ecommerce/htdocs/ecommerce.bestprime.live/suvee/vendor/laravel/framework/src/Illuminate/Foundation/Http/Middleware/ValidatePostSize.php(27): Illuminate\\Pipeline\\Pipeline->{closure:{closure:Illuminate\\Pipeline\\Pipeline::carry():158}:159}()
#36 /home/bestprime-ecommerce/htdocs/ecommerce.bestprime.live/suvee/vendor/laravel/framework/src/Illuminate/Pipeline/Pipeline.php(183): Illuminate\\Foundation\\Http\\Middleware\\ValidatePostSize->handle()
#37 /home/bestprime-ecommerce/htdocs/ecommerce.bestprime.live/suvee/vendor/laravel/framework/src/Illuminate/Foundation/Http/Middleware/PreventRequestsDuringMaintenance.php(99): Illuminate\\Pipeline\\Pipeline->{closure:{closure:Illuminate\\Pipeline\\Pipeline::carry():158}:159}()
#38 /home/bestprime-ecommerce/htdocs/ecommerce.bestprime.live/suvee/vendor/laravel/framework/src/Illuminate/Pipeline/Pipeline.php(183): Illuminate\\Foundation\\Http\\Middleware\\PreventRequestsDuringMaintenance->handle()
#39 /home/bestprime-ecommerce/htdocs/ecommerce.bestprime.live/suvee/vendor/laravel/framework/src/Illuminate/Http/Middleware/HandleCors.php(49): Illuminate\\Pipeline\\Pipeline->{closure:{closure:Illuminate\\Pipeline\\Pipeline::carry():158}:159}()
#40 /home/bestprime-ecommerce/htdocs/ecommerce.bestprime.live/suvee/vendor/laravel/framework/src/Illuminate/Pipeline/Pipeline.php(183): Illuminate\\Http\\Middleware\\HandleCors->handle()
#41 /home/bestprime-ecommerce/htdocs/ecommerce.bestprime.live/suvee/vendor/laravel/framework/src/Illuminate/Http/Middleware/TrustProxies.php(39): Illuminate\\Pipeline\\Pipeline->{closure:{closure:Illuminate\\Pipeline\\Pipeline::carry():158}:159}()
#42 /home/bestprime-ecommerce/htdocs/ecommerce.bestprime.live/suvee/vendor/laravel/framework/src/Illuminate/Pipeline/Pipeline.php(183): Illuminate\\Http\\Middleware\\TrustProxies->handle()
#43 /home/bestprime-ecommerce/htdocs/ecommerce.bestprime.live/suvee/vendor/laravel/framework/src/Illuminate/Pipeline/Pipeline.php(119): Illuminate\\Pipeline\\Pipeline->{closure:{closure:Illuminate\\Pipeline\\Pipeline::carry():158}:159}()
#44 /home/bestprime-ecommerce/htdocs/ecommerce.bestprime.live/suvee/vendor/laravel/framework/src/Illuminate/Foundation/Http/Kernel.php(175): Illuminate\\Pipeline\\Pipeline->then()
#45 /home/bestprime-ecommerce/htdocs/ecommerce.bestprime.live/suvee/vendor/laravel/framework/src/Illuminate/Foundation/Http/Kernel.php(144): Illuminate\\Foundation\\Http\\Kernel->sendRequestThroughRouter()
#46 /home/bestprime-ecommerce/htdocs/ecommerce.bestprime.live/suvee/public/index.php(36): Illuminate\\Foundation\\Http\\Kernel->handle()
#47 {main}
"} 
[2025-12-27 18:06:23] laravel.ERROR: Attempt to read property "name" on null {"view":{"view":"/home/bestprime-ecommerce/htdocs/ecommerce.bestprime.live/suvee/resources/views/admin/products/index.blade.php","data":[]},"userId":1,"exception":"[object] (Spatie\\LaravelIgnition\\Exceptions\\ViewException(code: 0): Attempt to read property \"name\" on null at /home/bestprime-ecommerce/htdocs/ecommerce.bestprime.live/suvee/resources/views/admin/products/index.blade.php:37)
[stacktrace]
#0 /home/bestprime-ecommerce/htdocs/ecommerce.bestprime.live/suvee/vendor/laravel/framework/src/Illuminate/Filesystem/Filesystem.php(123): require('...')
#1 /home/bestprime-ecommerce/htdocs/ecommerce.bestprime.live/suvee/vendor/laravel/framework/src/Illuminate/Filesystem/Filesystem.php(124): Illuminate\\Filesystem\\Filesystem::{closure:Illuminate\\Filesystem\\Filesystem::getRequire():120}()
#2 /home/bestprime-ecommerce/htdocs/ecommerce.bestprime.live/suvee/vendor/laravel/framework/src/Illuminate/View/Engines/PhpEngine.php(58): Illuminate\\Filesystem\\Filesystem->getRequire()
#3 /home/bestprime-ecommerce/htdocs/ecommerce.bestprime.live/suvee/vendor/laravel/framework/src/Illuminate/View/Engines/CompilerEngine.php(72): Illuminate\\View\\Engines\\PhpEngine->evaluatePath()
#4 /home/bestprime-ecommerce/htdocs/ecommerce.bestprime.live/suvee/vendor/laravel/framework/src/Illuminate/View/View.php(207): Illuminate\\View\\Engines\\CompilerEngine->get()
#5 /home/bestprime-ecommerce/htdocs/ecommerce.bestprime.live/suvee/vendor/laravel/framework/src/Illuminate/View/View.php(190): Illuminate\\View\\View->getContents()
#6 /home/bestprime-ecommerce/htdocs/ecommerce.bestprime.live/suvee/vendor/laravel/framework/src/Illuminate/View/View.php(159): Illuminate\\View\\View->renderContents()
#7 /home/bestprime-ecommerce/htdocs/ecommerce.bestprime.live/suvee/vendor/laravel/framework/src/Illuminate/Http/Response.php(69): Illuminate\\View\\View->render()
#8 /home/bestprime-ecommerce/htdocs/ecommerce.bestprime.live/suvee/vendor/laravel/framework/src/Illuminate/Http/Response.php(35): Illuminate\\Http\\Response->setContent()
#9 /home/bestprime-ecommerce/htdocs/ecommerce.bestprime.live/suvee/vendor/laravel/framework/src/Illuminate/Routing/Router.php(918): Illuminate\\Http\\Response->__construct()
#10 /home/bestprime-ecommerce/htdocs/ecommerce.bestprime.live/suvee/vendor/laravel/framework/src/Illuminate/Routing/Router.php(885): Illuminate\\Routing\\Router::toResponse()
#11 /home/bestprime-ecommerce/htdocs/ecommerce.bestprime.live/suvee/vendor/laravel/framework/src/Illuminate/Routing/Router.php(805): Illuminate\\Routing\\Router->prepareResponse()
#12 /home/bestprime-ecommerce/htdocs/ecommerce.bestprime.live/suvee/vendor/laravel/framework/src/Illuminate/Pipeline/Pipeline.php(144): Illuminate\\Routing\\Router->{closure:Illuminate\\Routing\\Router::runRouteWithinStack():805}()
#13 /home/bestprime-ecommerce/htdocs/ecommerce.bestprime.live/suvee/vendor/laravel/framework/src/Illuminate/Routing/Middleware/SubstituteBindings.php(50): Illuminate\\Pipeline\\Pipeline->{closure:Illuminate\\Pipeline\\Pipeline::prepareDestination():142}()
#14 /home/bestprime-ecommerce/htdocs/ecommerce.bestprime.live/suvee/vendor/laravel/framework/src/Illuminate/Pipeline/Pipeline.php(183): Illuminate\\Routing\\Middleware\\SubstituteBindings->handle()
#15 /home/bestprime-ecommerce/htdocs/ecommerce.bestprime.live/suvee/vendor/laravel/framework/src/Illuminate/Auth/Middleware/Authenticate.php(57): Illuminate\\Pipeline\\Pipeline->{closure:{closure:Illuminate\\Pipeline\\Pipeline::carry():158}:159}()
#16 /home/bestprime-ecommerce/htdocs/ecommerce.bestprime.live/suvee/vendor/laravel/framework/src/Illuminate/Pipeline/Pipeline.php(183): Illuminate\\Auth\\Middleware\\Authenticate->handle()
#17 /home/bestprime-ecommerce/htdocs/ecommerce.bestprime.live/suvee/vendor/laravel/framework/src/Illuminate/Foundation/Http/Middleware/VerifyCsrfToken.php(78): Illuminate\\Pipeline\\Pipeline->{closure:{closure:Illuminate\\Pipeline\\Pipeline::carry():158}:159}()
#18 /home/bestprime-ecommerce/htdocs/ecommerce.bestprime.live/suvee/vendor/laravel/framework/src/Illuminate/Pipeline/Pipeline.php(183): Illuminate\\Foundation\\Http\\Middleware\\VerifyCsrfToken->handle()
#19 /home/bestprime-ecommerce/htdocs/ecommerce.bestprime.live/suvee/vendor/laravel/framework/src/Illuminate/View/Middleware/ShareErrorsFromSession.php(49): Illuminate\\Pipeline\\Pipeline->{closure:{closure:Illuminate\\Pipeline\\Pipeline::carry():158}:159}()
#20 /home/bestprime-ecommerce/htdocs/ecommerce.bestprime.live/suvee/vendor/laravel/framework/src/Illuminate/Pipeline/Pipeline.php(183): Illuminate\\View\\Middleware\\ShareErrorsFromSession->handle()
#21 /home/bestprime-ecommerce/htdocs/ecommerce.bestprime.live/suvee/vendor/laravel/framework/src/Illuminate/Session/Middleware/StartSession.php(121): Illuminate\\Pipeline\\Pipeline->{closure:{closure:Illuminate\\Pipeline\\Pipeline::carry():158}:159}()
#22 /home/bestprime-ecommerce/htdocs/ecommerce.bestprime.live/suvee/vendor/laravel/framework/src/Illuminate/Session/Middleware/StartSession.php(64): Illuminate\\Session\\Middleware\\StartSession->handleStatefulRequest()
#23 /home/bestprime-ecommerce/htdocs/ecommerce.bestprime.live/suvee/vendor/laravel/framework/src/Illuminate/Pipeline/Pipeline.php(183): Illuminate\\Session\\Middleware\\StartSession->handle()
#24 /home/bestprime-ecommerce/htdocs/ecommerce.bestprime.live/suvee/vendor/laravel/framework/src/Illuminate/Cookie/Middleware/AddQueuedCookiesToResponse.php(37): Illuminate\\Pipeline\\Pipeline->{closure:{closure:Illuminate\\Pipeline\\Pipeline::carry():158}:159}()
#25 /home/bestprime-ecommerce/htdocs/ecommerce.bestprime.live/suvee/vendor/laravel/framework/src/Illuminate/Pipeline/Pipeline.php(183): Illuminate\\Cookie\\Middleware\\AddQueuedCookiesToResponse->handle()
#26 /home/bestprime-ecommerce/htdocs/ecommerce.bestprime.live/suvee/vendor/laravel/framework/src/Illuminate/Cookie/Middleware/EncryptCookies.php(67): Illuminate\\Pipeline\\Pipeline->{closure:{closure:Illuminate\\Pipeline\\Pipeline::carry():158}:159}()
#27 /home/bestprime-ecommerce/htdocs/ecommerce.bestprime.live/suvee/vendor/laravel/framework/src/Illuminate/Pipeline/Pipeline.php(183): Illuminate\\Cookie\\Middleware\\EncryptCookies->handle()
#28 /home/bestprime-ecommerce/htdocs/ecommerce.bestprime.live/suvee/vendor/laravel/framework/src/Illuminate/Pipeline/Pipeline.php(119): Illuminate\\Pipeline\\Pipeline->{closure:{closure:Illuminate\\Pipeline\\Pipeline::carry():158}:159}()
#29 /home/bestprime-ecommerce/htdocs/ecommerce.bestprime.live/suvee/vendor/laravel/framework/src/Illuminate/Routing/Router.php(805): Illuminate\\Pipeline\\Pipeline->then()
#30 /home/bestprime-ecommerce/htdocs/ecommerce.bestprime.live/suvee/vendor/laravel/framework/src/Illuminate/Routing/Router.php(784): Illuminate\\Routing\\Router->runRouteWithinStack()
#31 /home/bestprime-ecommerce/htdocs/ecommerce.bestprime.live/suvee/vendor/laravel/framework/src/Illuminate/Routing/Router.php(748): Illuminate\\Routing\\Router->runRoute()
#32 /home/bestprime-ecommerce/htdocs/ecommerce.bestprime.live/suvee/vendor/laravel/framework/src/Illuminate/Routing/Router.php(737): Illuminate\\Routing\\Router->dispatchToRoute()
#33 /home/bestprime-ecommerce/htdocs/ecommerce.bestprime.live/suvee/vendor/laravel/framework/src/Illuminate/Foundation/Http/Kernel.php(200): Illuminate\\Routing\\Router->dispatch()
#34 /home/bestprime-ecommerce/htdocs/ecommerce.bestprime.live/suvee/vendor/laravel/framework/src/Illuminate/Pipeline/Pipeline.php(144): Illuminate\\Foundation\\Http\\Kernel->{closure:Illuminate\\Foundation\\Http\\Kernel::dispatchToRouter():197}()
#35 /home/bestprime-ecommerce/htdocs/ecommerce.bestprime.live/suvee/vendor/laravel/framework/src/Illuminate/Foundation/Http/Middleware/TransformsRequest.php(21): Illuminate\\Pipeline\\Pipeline->{closure:Illuminate\\Pipeline\\Pipeline::prepareDestination():142}()
#36 /home/bestprime-ecommerce/htdocs/ecommerce.bestprime.live/suvee/vendor/laravel/framework/src/Illuminate/Foundation/Http/Middleware/ConvertEmptyStringsToNull.php(31): Illuminate\\Foundation\\Http\\Middleware\\TransformsRequest->handle()
#37 /home/bestprime-ecommerce/htdocs/ecommerce.bestprime.live/suvee/vendor/laravel/framework/src/Illuminate/Pipeline/Pipeline.php(183): Illuminate\\Foundation\\Http\\Middleware\\ConvertEmptyStringsToNull->handle()
#38 /home/bestprime-ecommerce/htdocs/ecommerce.bestprime.live/suvee/vendor/laravel/framework/src/Illuminate/Foundation/Http/Middleware/TransformsRequest.php(21): Illuminate\\Pipeline\\Pipeline->{closure:{closure:Illuminate\\Pipeline\\Pipeline::carry():158}:159}()
#39 /home/bestprime-ecommerce/htdocs/ecommerce.bestprime.live/suvee/vendor/laravel/framework/src/Illuminate/Foundation/Http/Middleware/TrimStrings.php(40): Illuminate\\Foundation\\Http\\Middleware\\TransformsRequest->handle()
#40 /home/bestprime-ecommerce/htdocs/ecommerce.bestprime.live/suvee/vendor/laravel/framework/src/Illuminate/Pipeline/Pipeline.php(183): Illuminate\\Foundation\\Http\\Middleware\\TrimStrings->handle()
#41 /home/bestprime-ecommerce/htdocs/ecommerce.bestprime.live/suvee/vendor/laravel/framework/src/Illuminate/Foundation/Http/Middleware/ValidatePostSize.php(27): Illuminate\\Pipeline\\Pipeline->{closure:{closure:Illuminate\\Pipeline\\Pipeline::carry():158}:159}()
#42 /home/bestprime-ecommerce/htdocs/ecommerce.bestprime.live/suvee/vendor/laravel/framework/src/Illuminate/Pipeline/Pipeline.php(183): Illuminate\\Foundation\\Http\\Middleware\\ValidatePostSize->handle()
#43 /home/bestprime-ecommerce/htdocs/ecommerce.bestprime.live/suvee/vendor/laravel/framework/src/Illuminate/Foundation/Http/Middleware/PreventRequestsDuringMaintenance.php(99): Illuminate\\Pipeline\\Pipeline->{closure:{closure:Illuminate\\Pipeline\\Pipeline::carry():158}:159}()
#44 /home/bestprime-ecommerce/htdocs/ecommerce.bestprime.live/suvee/vendor/laravel/framework/src/Illuminate/Pipeline/Pipeline.php(183): Illuminate\\Foundation\\Http\\Middleware\\PreventRequestsDuringMaintenance->handle()
#45 /home/bestprime-ecommerce/htdocs/ecommerce.bestprime.live/suvee/vendor/laravel/framework/src/Illuminate/Http/Middleware/HandleCors.php(49): Illuminate\\Pipeline\\Pipeline->{closure:{closure:Illuminate\\Pipeline\\Pipeline::carry():158}:159}()
#46 /home/bestprime-ecommerce/htdocs/ecommerce.bestprime.live/suvee/vendor/laravel/framework/src/Illuminate/Pipeline/Pipeline.php(183): Illuminate\\Http\\Middleware\\HandleCors->handle()
#47 /home/bestprime-ecommerce/htdocs/ecommerce.bestprime.live/suvee/vendor/laravel/framework/src/Illuminate/Http/Middleware/TrustProxies.php(39): Illuminate\\Pipeline\\Pipeline->{closure:{closure:Illuminate\\Pipeline\\Pipeline::carry():158}:159}()
#48 /home/bestprime-ecommerce/htdocs/ecommerce.bestprime.live/suvee/vendor/laravel/framework/src/Illuminate/Pipeline/Pipeline.php(183): Illuminate\\Http\\Middleware\\TrustProxies->handle()
#49 /home/bestprime-ecommerce/htdocs/ecommerce.bestprime.live/suvee/vendor/laravel/framework/src/Illuminate/Pipeline/Pipeline.php(119): Illuminate\\Pipeline\\Pipeline->{closure:{closure:Illuminate\\Pipeline\\Pipeline::carry():158}:159}()
#50 /home/bestprime-ecommerce/htdocs/ecommerce.bestprime.live/suvee/vendor/laravel/framework/src/Illuminate/Foundation/Http/Kernel.php(175): Illuminate\\Pipeline\\Pipeline->then()
#51 /home/bestprime-ecommerce/htdocs/ecommerce.bestprime.live/suvee/vendor/laravel/framework/src/Illuminate/Foundation/Http/Kernel.php(144): Illuminate\\Foundation\\Http\\Kernel->sendRequestThroughRouter()
#52 /home/bestprime-ecommerce/htdocs/ecommerce.bestprime.live/suvee/public/index.php(36): Illuminate\\Foundation\\Http\\Kernel->handle()
#53 {main}

[previous exception] [object] (ErrorException(code: 0): Attempt to read property \"name\" on null at /home/bestprime-ecommerce/htdocs/ecommerce.bestprime.live/suvee/storage/framework/views/f4028e63ec046d94ee90c9d581f1080b.php:35)
[stacktrace]
#0 /home/bestprime-ecommerce/htdocs/ecommerce.bestprime.live/suvee/vendor/laravel/framework/src/Illuminate/Foundation/Bootstrap/HandleExceptions.php(255): Illuminate\\Foundation\\Bootstrap\\HandleExceptions->handleError()
#1 /home/bestprime-ecommerce/htdocs/ecommerce.bestprime.live/suvee/storage/framework/views/f4028e63ec046d94ee90c9d581f1080b.php(35): Illuminate\\Foundation\\Bootstrap\\HandleExceptions->{closure:Illuminate\\Foundation\\Bootstrap\\HandleExceptions::forwardsTo():254}()
#2 /home/bestprime-ecommerce/htdocs/ecommerce.bestprime.live/suvee/vendor/laravel/framework/src/Illuminate/Filesystem/Filesystem.php(123): require('...')
#3 /home/bestprime-ecommerce/htdocs/ecommerce.bestprime.live/suvee/vendor/laravel/framework/src/Illuminate/Filesystem/Filesystem.php(124): Illuminate\\Filesystem\\Filesystem::{closure:Illuminate\\Filesystem\\Filesystem::getRequire():120}()
#4 /home/bestprime-ecommerce/htdocs/ecommerce.bestprime.live/suvee/vendor/laravel/framework/src/Illuminate/View/Engines/PhpEngine.php(58): Illuminate\\Filesystem\\Filesystem->getRequire()
#5 /home/bestprime-ecommerce/htdocs/ecommerce.bestprime.live/suvee/vendor/laravel/framework/src/Illuminate/View/Engines/CompilerEngine.php(72): Illuminate\\View\\Engines\\PhpEngine->evaluatePath()
#6 /home/bestprime-ecommerce/htdocs/ecommerce.bestprime.live/suvee/vendor/laravel/framework/src/Illuminate/View/View.php(207): Illuminate\\View\\Engines\\CompilerEngine->get()
#7 /home/bestprime-ecommerce/htdocs/ecommerce.bestprime.live/suvee/vendor/laravel/framework/src/Illuminate/View/View.php(190): Illuminate\\View\\View->getContents()
#8 /home/bestprime-ecommerce/htdocs/ecommerce.bestprime.live/suvee/vendor/laravel/framework/src/Illuminate/View/View.php(159): Illuminate\\View\\View->renderContents()
#9 /home/bestprime-ecommerce/htdocs/ecommerce.bestprime.live/suvee/vendor/laravel/framework/src/Illuminate/Http/Response.php(69): Illuminate\\View\\View->render()
#10 /home/bestprime-ecommerce/htdocs/ecommerce.bestprime.live/suvee/vendor/laravel/framework/src/Illuminate/Http/Response.php(35): Illuminate\\Http\\Response->setContent()
#11 /home/bestprime-ecommerce/htdocs/ecommerce.bestprime.live/suvee/vendor/laravel/framework/src/Illuminate/Routing/Router.php(918): Illuminate\\Http\\Response->__construct()
#12 /home/bestprime-ecommerce/htdocs/ecommerce.bestprime.live/suvee/vendor/laravel/framework/src/Illuminate/Routing/Router.php(885): Illuminate\\Routing\\Router::toResponse()
#13 /home/bestprime-ecommerce/htdocs/ecommerce.bestprime.live/suvee/vendor/laravel/framework/src/Illuminate/Routing/Router.php(805): Illuminate\\Routing\\Router->prepareResponse()
#14 /home/bestprime-ecommerce/htdocs/ecommerce.bestprime.live/suvee/vendor/laravel/framework/src/Illuminate/Pipeline/Pipeline.php(144): Illuminate\\Routing\\Router->{closure:Illuminate\\Routing\\Router::runRouteWithinStack():805}()
#15 /home/bestprime-ecommerce/htdocs/ecommerce.bestprime.live/suvee/vendor/laravel/framework/src/Illuminate/Routing/Middleware/SubstituteBindings.php(50): Illuminate\\Pipeline\\Pipeline->{closure:Illuminate\\Pipeline\\Pipeline::prepareDestination():142}()
#16 /home/bestprime-ecommerce/htdocs/ecommerce.bestprime.live/suvee/vendor/laravel/framework/src/Illuminate/Pipeline/Pipeline.php(183): Illuminate\\Routing\\Middleware\\SubstituteBindings->handle()
#17 /home/bestprime-ecommerce/htdocs/ecommerce.bestprime.live/suvee/vendor/laravel/framework/src/Illuminate/Auth/Middleware/Authenticate.php(57): Illuminate\\Pipeline\\Pipeline->{closure:{closure:Illuminate\\Pipeline\\Pipeline::carry():158}:159}()
#18 /home/bestprime-ecommerce/htdocs/ecommerce.bestprime.live/suvee/vendor/laravel/framework/src/Illuminate/Pipeline/Pipeline.php(183): Illuminate\\Auth\\Middleware\\Authenticate->handle()
#19 /home/bestprime-ecommerce/htdocs/ecommerce.bestprime.live/suvee/vendor/laravel/framework/src/Illuminate/Foundation/Http/Middleware/VerifyCsrfToken.php(78): Illuminate\\Pipeline\\Pipeline->{closure:{closure:Illuminate\\Pipeline\\Pipeline::carry():158}:159}()
#20 /home/bestprime-ecommerce/htdocs/ecommerce.bestprime.live/suvee/vendor/laravel/framework/src/Illuminate/Pipeline/Pipeline.php(183): Illuminate\\Foundation\\Http\\Middleware\\VerifyCsrfToken->handle()
#21 /home/bestprime-ecommerce/htdocs/ecommerce.bestprime.live/suvee/vendor/laravel/framework/src/Illuminate/View/Middleware/ShareErrorsFromSession.php(49): Illuminate\\Pipeline\\Pipeline->{closure:{closure:Illuminate\\Pipeline\\Pipeline::carry():158}:159}()
#22 /home/bestprime-ecommerce/htdocs/ecommerce.bestprime.live/suvee/vendor/laravel/framework/src/Illuminate/Pipeline/Pipeline.php(183): Illuminate\\View\\Middleware\\ShareErrorsFromSession->handle()
#23 /home/bestprime-ecommerce/htdocs/ecommerce.bestprime.live/suvee/vendor/laravel/framework/src/Illuminate/Session/Middleware/StartSession.php(121): Illuminate\\Pipeline\\Pipeline->{closure:{closure:Illuminate\\Pipeline\\Pipeline::carry():158}:159}()
#24 /home/bestprime-ecommerce/htdocs/ecommerce.bestprime.live/suvee/vendor/laravel/framework/src/Illuminate/Session/Middleware/StartSession.php(64): Illuminate\\Session\\Middleware\\StartSession->handleStatefulRequest()
#25 /home/bestprime-ecommerce/htdocs/ecommerce.bestprime.live/suvee/vendor/laravel/framework/src/Illuminate/Pipeline/Pipeline.php(183): Illuminate\\Session\\Middleware\\StartSession->handle()
#26 /home/bestprime-ecommerce/htdocs/ecommerce.bestprime.live/suvee/vendor/laravel/framework/src/Illuminate/Cookie/Middleware/AddQueuedCookiesToResponse.php(37): Illuminate\\Pipeline\\Pipeline->{closure:{closure:Illuminate\\Pipeline\\Pipeline::carry():158}:159}()
#27 /home/bestprime-ecommerce/htdocs/ecommerce.bestprime.live/suvee/vendor/laravel/framework/src/Illuminate/Pipeline/Pipeline.php(183): Illuminate\\Cookie\\Middleware\\AddQueuedCookiesToResponse->handle()
#28 /home/bestprime-ecommerce/htdocs/ecommerce.bestprime.live/suvee/vendor/laravel/framework/src/Illuminate/Cookie/Middleware/EncryptCookies.php(67): Illuminate\\Pipeline\\Pipeline->{closure:{closure:Illuminate\\Pipeline\\Pipeline::carry():158}:159}()
#29 /home/bestprime-ecommerce/htdocs/ecommerce.bestprime.live/suvee/vendor/laravel/framework/src/Illuminate/Pipeline/Pipeline.php(183): Illuminate\\Cookie\\Middleware\\EncryptCookies->handle()
#30 /home/bestprime-ecommerce/htdocs/ecommerce.bestprime.live/suvee/vendor/laravel/framework/src/Illuminate/Pipeline/Pipeline.php(119): Illuminate\\Pipeline\\Pipeline->{closure:{closure:Illuminate\\Pipeline\\Pipeline::carry():158}:159}()
#31 /home/bestprime-ecommerce/htdocs/ecommerce.bestprime.live/suvee/vendor/laravel/framework/src/Illuminate/Routing/Router.php(805): Illuminate\\Pipeline\\Pipeline->then()
#32 /home/bestprime-ecommerce/htdocs/ecommerce.bestprime.live/suvee/vendor/laravel/framework/src/Illuminate/Routing/Router.php(784): Illuminate\\Routing\\Router->runRouteWithinStack()
#33 /home/bestprime-ecommerce/htdocs/ecommerce.bestprime.live/suvee/vendor/laravel/framework/src/Illuminate/Routing/Router.php(748): Illuminate\\Routing\\Router->runRoute()
#34 /home/bestprime-ecommerce/htdocs/ecommerce.bestprime.live/suvee/vendor/laravel/framework/src/Illuminate/Routing/Router.php(737): Illuminate\\Routing\\Router->dispatchToRoute()
#35 /home/bestprime-ecommerce/htdocs/ecommerce.bestprime.live/suvee/vendor/laravel/framework/src/Illuminate/Foundation/Http/Kernel.php(200): Illuminate\\Routing\\Router->dispatch()
#36 /home/bestprime-ecommerce/htdocs/ecommerce.bestprime.live/suvee/vendor/laravel/framework/src/Illuminate/Pipeline/Pipeline.php(144): Illuminate\\Foundation\\Http\\Kernel->{closure:Illuminate\\Foundation\\Http\\Kernel::dispatchToRouter():197}()
#37 /home/bestprime-ecommerce/htdocs/ecommerce.bestprime.live/suvee/vendor/laravel/framework/src/Illuminate/Foundation/Http/Middleware/TransformsRequest.php(21): Illuminate\\Pipeline\\Pipeline->{closure:Illuminate\\Pipeline\\Pipeline::prepareDestination():142}()
#38 /home/bestprime-ecommerce/htdocs/ecommerce.bestprime.live/suvee/vendor/laravel/framework/src/Illuminate/Foundation/Http/Middleware/ConvertEmptyStringsToNull.php(31): Illuminate\\Foundation\\Http\\Middleware\\TransformsRequest->handle()
#39 /home/bestprime-ecommerce/htdocs/ecommerce.bestprime.live/suvee/vendor/laravel/framework/src/Illuminate/Pipeline/Pipeline.php(183): Illuminate\\Foundation\\Http\\Middleware\\ConvertEmptyStringsToNull->handle()
#40 /home/bestprime-ecommerce/htdocs/ecommerce.bestprime.live/suvee/vendor/laravel/framework/src/Illuminate/Foundation/Http/Middleware/TransformsRequest.php(21): Illuminate\\Pipeline\\Pipeline->{closure:{closure:Illuminate\\Pipeline\\Pipeline::carry():158}:159}()
#41 /home/bestprime-ecommerce/htdocs/ecommerce.bestprime.live/suvee/vendor/laravel/framework/src/Illuminate/Foundation/Http/Middleware/TrimStrings.php(40): Illuminate\\Foundation\\Http\\Middleware\\TransformsRequest->handle()
#42 /home/bestprime-ecommerce/htdocs/ecommerce.bestprime.live/suvee/vendor/laravel/framework/src/Illuminate/Pipeline/Pipeline.php(183): Illuminate\\Foundation\\Http\\Middleware\\TrimStrings->handle()
#43 /home/bestprime-ecommerce/htdocs/ecommerce.bestprime.live/suvee/vendor/laravel/framework/src/Illuminate/Foundation/Http/Middleware/ValidatePostSize.php(27): Illuminate\\Pipeline\\Pipeline->{closure:{closure:Illuminate\\Pipeline\\Pipeline::carry():158}:159}()
#44 /home/bestprime-ecommerce/htdocs/ecommerce.bestprime.live/suvee/vendor/laravel/framework/src/Illuminate/Pipeline/Pipeline.php(183): Illuminate\\Foundation\\Http\\Middleware\\ValidatePostSize->handle()
#45 /home/bestprime-ecommerce/htdocs/ecommerce.bestprime.live/suvee/vendor/laravel/framework/src/Illuminate/Foundation/Http/Middleware/PreventRequestsDuringMaintenance.php(99): Illuminate\\Pipeline\\Pipeline->{closure:{closure:Illuminate\\Pipeline\\Pipeline::carry():158}:159}()
#46 /home/bestprime-ecommerce/htdocs/ecommerce.bestprime.live/suvee/vendor/laravel/framework/src/Illuminate/Pipeline/Pipeline.php(183): Illuminate\\Foundation\\Http\\Middleware\\PreventRequestsDuringMaintenance->handle()
#47 /home/bestprime-ecommerce/htdocs/ecommerce.bestprime.live/suvee/vendor/laravel/framework/src/Illuminate/Http/Middleware/HandleCors.php(49): Illuminate\\Pipeline\\Pipeline->{closure:{closure:Illuminate\\Pipeline\\Pipeline::carry():158}:159}()
#48 /home/bestprime-ecommerce/htdocs/ecommerce.bestprime.live/suvee/vendor/laravel/framework/src/Illuminate/Pipeline/Pipeline.php(183): Illuminate\\Http\\Middleware\\HandleCors->handle()
#49 /home/bestprime-ecommerce/htdocs/ecommerce.bestprime.live/suvee/vendor/laravel/framework/src/Illuminate/Http/Middleware/TrustProxies.php(39): Illuminate\\Pipeline\\Pipeline->{closure:{closure:Illuminate\\Pipeline\\Pipeline::carry():158}:159}()
#50 /home/bestprime-ecommerce/htdocs/ecommerce.bestprime.live/suvee/vendor/laravel/framework/src/Illuminate/Pipeline/Pipeline.php(183): Illuminate\\Http\\Middleware\\TrustProxies->handle()
#51 /home/bestprime-ecommerce/htdocs/ecommerce.bestprime.live/suvee/vendor/laravel/framework/src/Illuminate/Pipeline/Pipeline.php(119): Illuminate\\Pipeline\\Pipeline->{closure:{closure:Illuminate\\Pipeline\\Pipeline::carry():158}:159}()
#52 /home/bestprime-ecommerce/htdocs/ecommerce.bestprime.live/suvee/vendor/laravel/framework/src/Illuminate/Foundation/Http/Kernel.php(175): Illuminate\\Pipeline\\Pipeline->then()
#53 /home/bestprime-ecommerce/htdocs/ecommerce.bestprime.live/suvee/vendor/laravel/framework/src/Illuminate/Foundation/Http/Kernel.php(144): Illuminate\\Foundation\\Http\\Kernel->sendRequestThroughRouter()
#54 /home/bestprime-ecommerce/htdocs/ecommerce.bestprime.live/suvee/public/index.php(36): Illuminate\\Foundation\\Http\\Kernel->handle()
#55 {main}
"} 
[2025-12-27 18:16:59] laravel.EMERGENCY: Unable to create configured logger. Using emergency logger. {"exception":"[object] (InvalidArgumentException(code: 0): Log [] is not defined. at /home/bestprime-ecommerce/htdocs/ecommerce.bestprime.live/suvee/vendor/laravel/framework/src/Illuminate/Log/LogManager.php:212)
[stacktrace]
#0 /home/bestprime-ecommerce/htdocs/ecommerce.bestprime.live/suvee/vendor/laravel/framework/src/Illuminate/Log/LogManager.php(137): Illuminate\\Log\\LogManager->resolve()
#1 /home/bestprime-ecommerce/htdocs/ecommerce.bestprime.live/suvee/vendor/laravel/framework/src/Illuminate/Log/LogManager.php(124): Illuminate\\Log\\LogManager->get()
#2 /home/bestprime-ecommerce/htdocs/ecommerce.bestprime.live/suvee/vendor/laravel/framework/src/Illuminate/Log/LogManager.php(681): Illuminate\\Log\\LogManager->driver()
#3 /home/bestprime-ecommerce/htdocs/ecommerce.bestprime.live/suvee/vendor/laravel/framework/src/Illuminate/Foundation/Exceptions/Handler.php(317): Illuminate\\Log\\LogManager->error()
#4 /home/bestprime-ecommerce/htdocs/ecommerce.bestprime.live/suvee/vendor/laravel/framework/src/Illuminate/Foundation/Exceptions/Handler.php(278): Illuminate\\Foundation\\Exceptions\\Handler->reportThrowable()
#5 /home/bestprime-ecommerce/htdocs/ecommerce.bestprime.live/suvee/vendor/laravel/framework/src/Illuminate/Routing/Pipeline.php(49): Illuminate\\Foundation\\Exceptions\\Handler->report()
#6 /home/bestprime-ecommerce/htdocs/ecommerce.bestprime.live/suvee/vendor/laravel/framework/src/Illuminate/Pipeline/Pipeline.php(146): Illuminate\\Routing\\Pipeline->handleException()
#7 /home/bestprime-ecommerce/htdocs/ecommerce.bestprime.live/suvee/vendor/laravel/framework/src/Illuminate/Routing/Middleware/SubstituteBindings.php(50): Illuminate\\Pipeline\\Pipeline->{closure:Illuminate\\Pipeline\\Pipeline::prepareDestination():142}()
#8 /home/bestprime-ecommerce/htdocs/ecommerce.bestprime.live/suvee/vendor/laravel/framework/src/Illuminate/Pipeline/Pipeline.php(183): Illuminate\\Routing\\Middleware\\SubstituteBindings->handle()
#9 /home/bestprime-ecommerce/htdocs/ecommerce.bestprime.live/suvee/vendor/laravel/framework/src/Illuminate/Auth/Middleware/Authenticate.php(57): Illuminate\\Pipeline\\Pipeline->{closure:{closure:Illuminate\\Pipeline\\Pipeline::carry():158}:159}()
#10 /home/bestprime-ecommerce/htdocs/ecommerce.bestprime.live/suvee/vendor/laravel/framework/src/Illuminate/Pipeline/Pipeline.php(183): Illuminate\\Auth\\Middleware\\Authenticate->handle()
#11 /home/bestprime-ecommerce/htdocs/ecommerce.bestprime.live/suvee/vendor/laravel/framework/src/Illuminate/Foundation/Http/Middleware/VerifyCsrfToken.php(78): Illuminate\\Pipeline\\Pipeline->{closure:{closure:Illuminate\\Pipeline\\Pipeline::carry():158}:159}()
#12 /home/bestprime-ecommerce/htdocs/ecommerce.bestprime.live/suvee/vendor/laravel/framework/src/Illuminate/Pipeline/Pipeline.php(183): Illuminate\\Foundation\\Http\\Middleware\\VerifyCsrfToken->handle()
#13 /home/bestprime-ecommerce/htdocs/ecommerce.bestprime.live/suvee/vendor/laravel/framework/src/Illuminate/View/Middleware/ShareErrorsFromSession.php(49): Illuminate\\Pipeline\\Pipeline->{closure:{closure:Illuminate\\Pipeline\\Pipeline::carry():158}:159}()
#14 /home/bestprime-ecommerce/htdocs/ecommerce.bestprime.live/suvee/vendor/laravel/framework/src/Illuminate/Pipeline/Pipeline.php(183): Illuminate\\View\\Middleware\\ShareErrorsFromSession->handle()
#15 /home/bestprime-ecommerce/htdocs/ecommerce.bestprime.live/suvee/vendor/laravel/framework/src/Illuminate/Session/Middleware/StartSession.php(121): Illuminate\\Pipeline\\Pipeline->{closure:{closure:Illuminate\\Pipeline\\Pipeline::carry():158}:159}()
#16 /home/bestprime-ecommerce/htdocs/ecommerce.bestprime.live/suvee/vendor/laravel/framework/src/Illuminate/Session/Middleware/StartSession.php(64): Illuminate\\Session\\Middleware\\StartSession->handleStatefulRequest()
#17 /home/bestprime-ecommerce/htdocs/ecommerce.bestprime.live/suvee/vendor/laravel/framework/src/Illuminate/Pipeline/Pipeline.php(183): Illuminate\\Session\\Middleware\\StartSession->handle()
#18 /home/bestprime-ecommerce/htdocs/ecommerce.bestprime.live/suvee/vendor/laravel/framework/src/Illuminate/Cookie/Middleware/AddQueuedCookiesToResponse.php(37): Illuminate\\Pipeline\\Pipeline->{closure:{closure:Illuminate\\Pipeline\\Pipeline::carry():158}:159}()
#19 /home/bestprime-ecommerce/htdocs/ecommerce.bestprime.live/suvee/vendor/laravel/framework/src/Illuminate/Pipeline/Pipeline.php(183): Illuminate\\Cookie\\Middleware\\AddQueuedCookiesToResponse->handle()
#20 /home/bestprime-ecommerce/htdocs/ecommerce.bestprime.live/suvee/vendor/laravel/framework/src/Illuminate/Cookie/Middleware/EncryptCookies.php(67): Illuminate\\Pipeline\\Pipeline->{closure:{closure:Illuminate\\Pipeline\\Pipeline::carry():158}:159}()
#21 /home/bestprime-ecommerce/htdocs/ecommerce.bestprime.live/suvee/vendor/laravel/framework/src/Illuminate/Pipeline/Pipeline.php(183): Illuminate\\Cookie\\Middleware\\EncryptCookies->handle()
#22 /home/bestprime-ecommerce/htdocs/ecommerce.bestprime.live/suvee/vendor/laravel/framework/src/Illuminate/Pipeline/Pipeline.php(119): Illuminate\\Pipeline\\Pipeline->{closure:{closure:Illuminate\\Pipeline\\Pipeline::carry():158}:159}()
#23 /home/bestprime-ecommerce/htdocs/ecommerce.bestprime.live/suvee/vendor/laravel/framework/src/Illuminate/Routing/Router.php(805): Illuminate\\Pipeline\\Pipeline->then()
#24 /home/bestprime-ecommerce/htdocs/ecommerce.bestprime.live/suvee/vendor/laravel/framework/src/Illuminate/Routing/Router.php(784): Illuminate\\Routing\\Router->runRouteWithinStack()
#25 /home/bestprime-ecommerce/htdocs/ecommerce.bestprime.live/suvee/vendor/laravel/framework/src/Illuminate/Routing/Router.php(748): Illuminate\\Routing\\Router->runRoute()
#26 /home/bestprime-ecommerce/htdocs/ecommerce.bestprime.live/suvee/vendor/laravel/framework/src/Illuminate/Routing/Router.php(737): Illuminate\\Routing\\Router->dispatchToRoute()
#27 /home/bestprime-ecommerce/htdocs/ecommerce.bestprime.live/suvee/vendor/laravel/framework/src/Illuminate/Foundation/Http/Kernel.php(200): Illuminate\\Routing\\Router->dispatch()
#28 /home/bestprime-ecommerce/htdocs/ecommerce.bestprime.live/suvee/vendor/laravel/framework/src/Illuminate/Pipeline/Pipeline.php(144): Illuminate\\Foundation\\Http\\Kernel->{closure:Illuminate\\Foundation\\Http\\Kernel::dispatchToRouter():197}()
#29 /home/bestprime-ecommerce/htdocs/ecommerce.bestprime.live/suvee/vendor/laravel/framework/src/Illuminate/Foundation/Http/Middleware/TransformsRequest.php(21): Illuminate\\Pipeline\\Pipeline->{closure:Illuminate\\Pipeline\\Pipeline::prepareDestination():142}()
#30 /home/bestprime-ecommerce/htdocs/ecommerce.bestprime.live/suvee/vendor/laravel/framework/src/Illuminate/Foundation/Http/Middleware/ConvertEmptyStringsToNull.php(31): Illuminate\\Foundation\\Http\\Middleware\\TransformsRequest->handle()
#31 /home/bestprime-ecommerce/htdocs/ecommerce.bestprime.live/suvee/vendor/laravel/framework/src/Illuminate/Pipeline/Pipeline.php(183): Illuminate\\Foundation\\Http\\Middleware\\ConvertEmptyStringsToNull->handle()
#32 /home/bestprime-ecommerce/htdocs/ecommerce.bestprime.live/suvee/vendor/laravel/framework/src/Illuminate/Foundation/Http/Middleware/TransformsRequest.php(21): Illuminate\\Pipeline\\Pipeline->{closure:{closure:Illuminate\\Pipeline\\Pipeline::carry():158}:159}()
#33 /home/bestprime-ecommerce/htdocs/ecommerce.bestprime.live/suvee/vendor/laravel/framework/src/Illuminate/Foundation/Http/Middleware/TrimStrings.php(40): Illuminate\\Foundation\\Http\\Middleware\\TransformsRequest->handle()
#34 /home/bestprime-ecommerce/htdocs/ecommerce.bestprime.live/suvee/vendor/laravel/framework/src/Illuminate/Pipeline/Pipeline.php(183): Illuminate\\Foundation\\Http\\Middleware\\TrimStrings->handle()
#35 /home/bestprime-ecommerce/htdocs/ecommerce.bestprime.live/suvee/vendor/laravel/framework/src/Illuminate/Foundation/Http/Middleware/ValidatePostSize.php(27): Illuminate\\Pipeline\\Pipeline->{closure:{closure:Illuminate\\Pipeline\\Pipeline::carry():158}:159}()
#36 /home/bestprime-ecommerce/htdocs/ecommerce.bestprime.live/suvee/vendor/laravel/framework/src/Illuminate/Pipeline/Pipeline.php(183): Illuminate\\Foundation\\Http\\Middleware\\ValidatePostSize->handle()
#37 /home/bestprime-ecommerce/htdocs/ecommerce.bestprime.live/suvee/vendor/laravel/framework/src/Illuminate/Foundation/Http/Middleware/PreventRequestsDuringMaintenance.php(99): Illuminate\\Pipeline\\Pipeline->{closure:{closure:Illuminate\\Pipeline\\Pipeline::carry():158}:159}()
#38 /home/bestprime-ecommerce/htdocs/ecommerce.bestprime.live/suvee/vendor/laravel/framework/src/Illuminate/Pipeline/Pipeline.php(183): Illuminate\\Foundation\\Http\\Middleware\\PreventRequestsDuringMaintenance->handle()
#39 /home/bestprime-ecommerce/htdocs/ecommerce.bestprime.live/suvee/vendor/laravel/framework/src/Illuminate/Http/Middleware/HandleCors.php(49): Illuminate\\Pipeline\\Pipeline->{closure:{closure:Illuminate\\Pipeline\\Pipeline::carry():158}:159}()
#40 /home/bestprime-ecommerce/htdocs/ecommerce.bestprime.live/suvee/vendor/laravel/framework/src/Illuminate/Pipeline/Pipeline.php(183): Illuminate\\Http\\Middleware\\HandleCors->handle()
#41 /home/bestprime-ecommerce/htdocs/ecommerce.bestprime.live/suvee/vendor/laravel/framework/src/Illuminate/Http/Middleware/TrustProxies.php(39): Illuminate\\Pipeline\\Pipeline->{closure:{closure:Illuminate\\Pipeline\\Pipeline::carry():158}:159}()
#42 /home/bestprime-ecommerce/htdocs/ecommerce.bestprime.live/suvee/vendor/laravel/framework/src/Illuminate/Pipeline/Pipeline.php(183): Illuminate\\Http\\Middleware\\TrustProxies->handle()
#43 /home/bestprime-ecommerce/htdocs/ecommerce.bestprime.live/suvee/vendor/laravel/framework/src/Illuminate/Pipeline/Pipeline.php(119): Illuminate\\Pipeline\\Pipeline->{closure:{closure:Illuminate\\Pipeline\\Pipeline::carry():158}:159}()
#44 /home/bestprime-ecommerce/htdocs/ecommerce.bestprime.live/suvee/vendor/laravel/framework/src/Illuminate/Foundation/Http/Kernel.php(175): Illuminate\\Pipeline\\Pipeline->then()
#45 /home/bestprime-ecommerce/htdocs/ecommerce.bestprime.live/suvee/vendor/laravel/framework/src/Illuminate/Foundation/Http/Kernel.php(144): Illuminate\\Foundation\\Http\\Kernel->sendRequestThroughRouter()
#46 /home/bestprime-ecommerce/htdocs/ecommerce.bestprime.live/suvee/public/index.php(36): Illuminate\\Foundation\\Http\\Kernel->handle()
#47 {main}
"} 
[2025-12-27 18:16:59] laravel.ERROR: Attempt to read property "name" on null {"view":{"view":"/home/bestprime-ecommerce/htdocs/ecommerce.bestprime.live/suvee/resources/views/admin/products/index.blade.php","data":[]},"userId":1,"exception":"[object] (Spatie\\LaravelIgnition\\Exceptions\\ViewException(code: 0): Attempt to read property \"name\" on null at /home/bestprime-ecommerce/htdocs/ecommerce.bestprime.live/suvee/resources/views/admin/products/index.blade.php:37)
[stacktrace]
#0 /home/bestprime-ecommerce/htdocs/ecommerce.bestprime.live/suvee/vendor/laravel/framework/src/Illuminate/Filesystem/Filesystem.php(123): require('...')
#1 /home/bestprime-ecommerce/htdocs/ecommerce.bestprime.live/suvee/vendor/laravel/framework/src/Illuminate/Filesystem/Filesystem.php(124): Illuminate\\Filesystem\\Filesystem::{closure:Illuminate\\Filesystem\\Filesystem::getRequire():120}()
#2 /home/bestprime-ecommerce/htdocs/ecommerce.bestprime.live/suvee/vendor/laravel/framework/src/Illuminate/View/Engines/PhpEngine.php(58): Illuminate\\Filesystem\\Filesystem->getRequire()
#3 /home/bestprime-ecommerce/htdocs/ecommerce.bestprime.live/suvee/vendor/laravel/framework/src/Illuminate/View/Engines/CompilerEngine.php(72): Illuminate\\View\\Engines\\PhpEngine->evaluatePath()
#4 /home/bestprime-ecommerce/htdocs/ecommerce.bestprime.live/suvee/vendor/laravel/framework/src/Illuminate/View/View.php(207): Illuminate\\View\\Engines\\CompilerEngine->get()
#5 /home/bestprime-ecommerce/htdocs/ecommerce.bestprime.live/suvee/vendor/laravel/framework/src/Illuminate/View/View.php(190): Illuminate\\View\\View->getContents()
#6 /home/bestprime-ecommerce/htdocs/ecommerce.bestprime.live/suvee/vendor/laravel/framework/src/Illuminate/View/View.php(159): Illuminate\\View\\View->renderContents()
#7 /home/bestprime-ecommerce/htdocs/ecommerce.bestprime.live/suvee/vendor/laravel/framework/src/Illuminate/Http/Response.php(69): Illuminate\\View\\View->render()
#8 /home/bestprime-ecommerce/htdocs/ecommerce.bestprime.live/suvee/vendor/laravel/framework/src/Illuminate/Http/Response.php(35): Illuminate\\Http\\Response->setContent()
#9 /home/bestprime-ecommerce/htdocs/ecommerce.bestprime.live/suvee/vendor/laravel/framework/src/Illuminate/Routing/Router.php(918): Illuminate\\Http\\Response->__construct()
#10 /home/bestprime-ecommerce/htdocs/ecommerce.bestprime.live/suvee/vendor/laravel/framework/src/Illuminate/Routing/Router.php(885): Illuminate\\Routing\\Router::toResponse()
#11 /home/bestprime-ecommerce/htdocs/ecommerce.bestprime.live/suvee/vendor/laravel/framework/src/Illuminate/Routing/Router.php(805): Illuminate\\Routing\\Router->prepareResponse()
#12 /home/bestprime-ecommerce/htdocs/ecommerce.bestprime.live/suvee/vendor/laravel/framework/src/Illuminate/Pipeline/Pipeline.php(144): Illuminate\\Routing\\Router->{closure:Illuminate\\Routing\\Router::runRouteWithinStack():805}()
#13 /home/bestprime-ecommerce/htdocs/ecommerce.bestprime.live/suvee/vendor/laravel/framework/src/Illuminate/Routing/Middleware/SubstituteBindings.php(50): Illuminate\\Pipeline\\Pipeline->{closure:Illuminate\\Pipeline\\Pipeline::prepareDestination():142}()
#14 /home/bestprime-ecommerce/htdocs/ecommerce.bestprime.live/suvee/vendor/laravel/framework/src/Illuminate/Pipeline/Pipeline.php(183): Illuminate\\Routing\\Middleware\\SubstituteBindings->handle()
#15 /home/bestprime-ecommerce/htdocs/ecommerce.bestprime.live/suvee/vendor/laravel/framework/src/Illuminate/Auth/Middleware/Authenticate.php(57): Illuminate\\Pipeline\\Pipeline->{closure:{closure:Illuminate\\Pipeline\\Pipeline::carry():158}:159}()
#16 /home/bestprime-ecommerce/htdocs/ecommerce.bestprime.live/suvee/vendor/laravel/framework/src/Illuminate/Pipeline/Pipeline.php(183): Illuminate\\Auth\\Middleware\\Authenticate->handle()
#17 /home/bestprime-ecommerce/htdocs/ecommerce.bestprime.live/suvee/vendor/laravel/framework/src/Illuminate/Foundation/Http/Middleware/VerifyCsrfToken.php(78): Illuminate\\Pipeline\\Pipeline->{closure:{closure:Illuminate\\Pipeline\\Pipeline::carry():158}:159}()
#18 /home/bestprime-ecommerce/htdocs/ecommerce.bestprime.live/suvee/vendor/laravel/framework/src/Illuminate/Pipeline/Pipeline.php(183): Illuminate\\Foundation\\Http\\Middleware\\VerifyCsrfToken->handle()
#19 /home/bestprime-ecommerce/htdocs/ecommerce.bestprime.live/suvee/vendor/laravel/framework/src/Illuminate/View/Middleware/ShareErrorsFromSession.php(49): Illuminate\\Pipeline\\Pipeline->{closure:{closure:Illuminate\\Pipeline\\Pipeline::carry():158}:159}()
#20 /home/bestprime-ecommerce/htdocs/ecommerce.bestprime.live/suvee/vendor/laravel/framework/src/Illuminate/Pipeline/Pipeline.php(183): Illuminate\\View\\Middleware\\ShareErrorsFromSession->handle()
#21 /home/bestprime-ecommerce/htdocs/ecommerce.bestprime.live/suvee/vendor/laravel/framework/src/Illuminate/Session/Middleware/StartSession.php(121): Illuminate\\Pipeline\\Pipeline->{closure:{closure:Illuminate\\Pipeline\\Pipeline::carry():158}:159}()
#22 /home/bestprime-ecommerce/htdocs/ecommerce.bestprime.live/suvee/vendor/laravel/framework/src/Illuminate/Session/Middleware/StartSession.php(64): Illuminate\\Session\\Middleware\\StartSession->handleStatefulRequest()
#23 /home/bestprime-ecommerce/htdocs/ecommerce.bestprime.live/suvee/vendor/laravel/framework/src/Illuminate/Pipeline/Pipeline.php(183): Illuminate\\Session\\Middleware\\StartSession->handle()
#24 /home/bestprime-ecommerce/htdocs/ecommerce.bestprime.live/suvee/vendor/laravel/framework/src/Illuminate/Cookie/Middleware/AddQueuedCookiesToResponse.php(37): Illuminate\\Pipeline\\Pipeline->{closure:{closure:Illuminate\\Pipeline\\Pipeline::carry():158}:159}()
#25 /home/bestprime-ecommerce/htdocs/ecommerce.bestprime.live/suvee/vendor/laravel/framework/src/Illuminate/Pipeline/Pipeline.php(183): Illuminate\\Cookie\\Middleware\\AddQueuedCookiesToResponse->handle()
#26 /home/bestprime-ecommerce/htdocs/ecommerce.bestprime.live/suvee/vendor/laravel/framework/src/Illuminate/Cookie/Middleware/EncryptCookies.php(67): Illuminate\\Pipeline\\Pipeline->{closure:{closure:Illuminate\\Pipeline\\Pipeline::carry():158}:159}()
#27 /home/bestprime-ecommerce/htdocs/ecommerce.bestprime.live/suvee/vendor/laravel/framework/src/Illuminate/Pipeline/Pipeline.php(183): Illuminate\\Cookie\\Middleware\\EncryptCookies->handle()
#28 /home/bestprime-ecommerce/htdocs/ecommerce.bestprime.live/suvee/vendor/laravel/framework/src/Illuminate/Pipeline/Pipeline.php(119): Illuminate\\Pipeline\\Pipeline->{closure:{closure:Illuminate\\Pipeline\\Pipeline::carry():158}:159}()
#29 /home/bestprime-ecommerce/htdocs/ecommerce.bestprime.live/suvee/vendor/laravel/framework/src/Illuminate/Routing/Router.php(805): Illuminate\\Pipeline\\Pipeline->then()
#30 /home/bestprime-ecommerce/htdocs/ecommerce.bestprime.live/suvee/vendor/laravel/framework/src/Illuminate/Routing/Router.php(784): Illuminate\\Routing\\Router->runRouteWithinStack()
#31 /home/bestprime-ecommerce/htdocs/ecommerce.bestprime.live/suvee/vendor/laravel/framework/src/Illuminate/Routing/Router.php(748): Illuminate\\Routing\\Router->runRoute()
#32 /home/bestprime-ecommerce/htdocs/ecommerce.bestprime.live/suvee/vendor/laravel/framework/src/Illuminate/Routing/Router.php(737): Illuminate\\Routing\\Router->dispatchToRoute()
#33 /home/bestprime-ecommerce/htdocs/ecommerce.bestprime.live/suvee/vendor/laravel/framework/src/Illuminate/Foundation/Http/Kernel.php(200): Illuminate\\Routing\\Router->dispatch()
#34 /home/bestprime-ecommerce/htdocs/ecommerce.bestprime.live/suvee/vendor/laravel/framework/src/Illuminate/Pipeline/Pipeline.php(144): Illuminate\\Foundation\\Http\\Kernel->{closure:Illuminate\\Foundation\\Http\\Kernel::dispatchToRouter():197}()
#35 /home/bestprime-ecommerce/htdocs/ecommerce.bestprime.live/suvee/vendor/laravel/framework/src/Illuminate/Foundation/Http/Middleware/TransformsRequest.php(21): Illuminate\\Pipeline\\Pipeline->{closure:Illuminate\\Pipeline\\Pipeline::prepareDestination():142}()
#36 /home/bestprime-ecommerce/htdocs/ecommerce.bestprime.live/suvee/vendor/laravel/framework/src/Illuminate/Foundation/Http/Middleware/ConvertEmptyStringsToNull.php(31): Illuminate\\Foundation\\Http\\Middleware\\TransformsRequest->handle()
#37 /home/bestprime-ecommerce/htdocs/ecommerce.bestprime.live/suvee/vendor/laravel/framework/src/Illuminate/Pipeline/Pipeline.php(183): Illuminate\\Foundation\\Http\\Middleware\\ConvertEmptyStringsToNull->handle()
#38 /home/bestprime-ecommerce/htdocs/ecommerce.bestprime.live/suvee/vendor/laravel/framework/src/Illuminate/Foundation/Http/Middleware/TransformsRequest.php(21): Illuminate\\Pipeline\\Pipeline->{closure:{closure:Illuminate\\Pipeline\\Pipeline::carry():158}:159}()
#39 /home/bestprime-ecommerce/htdocs/ecommerce.bestprime.live/suvee/vendor/laravel/framework/src/Illuminate/Foundation/Http/Middleware/TrimStrings.php(40): Illuminate\\Foundation\\Http\\Middleware\\TransformsRequest->handle()
#40 /home/bestprime-ecommerce/htdocs/ecommerce.bestprime.live/suvee/vendor/laravel/framework/src/Illuminate/Pipeline/Pipeline.php(183): Illuminate\\Foundation\\Http\\Middleware\\TrimStrings->handle()
#41 /home/bestprime-ecommerce/htdocs/ecommerce.bestprime.live/suvee/vendor/laravel/framework/src/Illuminate/Foundation/Http/Middleware/ValidatePostSize.php(27): Illuminate\\Pipeline\\Pipeline->{closure:{closure:Illuminate\\Pipeline\\Pipeline::carry():158}:159}()
#42 /home/bestprime-ecommerce/htdocs/ecommerce.bestprime.live/suvee/vendor/laravel/framework/src/Illuminate/Pipeline/Pipeline.php(183): Illuminate\\Foundation\\Http\\Middleware\\ValidatePostSize->handle()
#43 /home/bestprime-ecommerce/htdocs/ecommerce.bestprime.live/suvee/vendor/laravel/framework/src/Illuminate/Foundation/Http/Middleware/PreventRequestsDuringMaintenance.php(99): Illuminate\\Pipeline\\Pipeline->{closure:{closure:Illuminate\\Pipeline\\Pipeline::carry():158}:159}()
#44 /home/bestprime-ecommerce/htdocs/ecommerce.bestprime.live/suvee/vendor/laravel/framework/src/Illuminate/Pipeline/Pipeline.php(183): Illuminate\\Foundation\\Http\\Middleware\\PreventRequestsDuringMaintenance->handle()
#45 /home/bestprime-ecommerce/htdocs/ecommerce.bestprime.live/suvee/vendor/laravel/framework/src/Illuminate/Http/Middleware/HandleCors.php(49): Illuminate\\Pipeline\\Pipeline->{closure:{closure:Illuminate\\Pipeline\\Pipeline::carry():158}:159}()
#46 /home/bestprime-ecommerce/htdocs/ecommerce.bestprime.live/suvee/vendor/laravel/framework/src/Illuminate/Pipeline/Pipeline.php(183): Illuminate\\Http\\Middleware\\HandleCors->handle()
#47 /home/bestprime-ecommerce/htdocs/ecommerce.bestprime.live/suvee/vendor/laravel/framework/src/Illuminate/Http/Middleware/TrustProxies.php(39): Illuminate\\Pipeline\\Pipeline->{closure:{closure:Illuminate\\Pipeline\\Pipeline::carry():158}:159}()
#48 /home/bestprime-ecommerce/htdocs/ecommerce.bestprime.live/suvee/vendor/laravel/framework/src/Illuminate/Pipeline/Pipeline.php(183): Illuminate\\Http\\Middleware\\TrustProxies->handle()
#49 /home/bestprime-ecommerce/htdocs/ecommerce.bestprime.live/suvee/vendor/laravel/framework/src/Illuminate/Pipeline/Pipeline.php(119): Illuminate\\Pipeline\\Pipeline->{closure:{closure:Illuminate\\Pipeline\\Pipeline::carry():158}:159}()
#50 /home/bestprime-ecommerce/htdocs/ecommerce.bestprime.live/suvee/vendor/laravel/framework/src/Illuminate/Foundation/Http/Kernel.php(175): Illuminate\\Pipeline\\Pipeline->then()
#51 /home/bestprime-ecommerce/htdocs/ecommerce.bestprime.live/suvee/vendor/laravel/framework/src/Illuminate/Foundation/Http/Kernel.php(144): Illuminate\\Foundation\\Http\\Kernel->sendRequestThroughRouter()
#52 /home/bestprime-ecommerce/htdocs/ecommerce.bestprime.live/suvee/public/index.php(36): Illuminate\\Foundation\\Http\\Kernel->handle()
#53 {main}

[previous exception] [object] (ErrorException(code: 0): Attempt to read property \"name\" on null at /home/bestprime-ecommerce/htdocs/ecommerce.bestprime.live/suvee/storage/framework/views/f4028e63ec046d94ee90c9d581f1080b.php:35)
[stacktrace]
#0 /home/bestprime-ecommerce/htdocs/ecommerce.bestprime.live/suvee/vendor/laravel/framework/src/Illuminate/Foundation/Bootstrap/HandleExceptions.php(255): Illuminate\\Foundation\\Bootstrap\\HandleExceptions->handleError()
#1 /home/bestprime-ecommerce/htdocs/ecommerce.bestprime.live/suvee/storage/framework/views/f4028e63ec046d94ee90c9d581f1080b.php(35): Illuminate\\Foundation\\Bootstrap\\HandleExceptions->{closure:Illuminate\\Foundation\\Bootstrap\\HandleExceptions::forwardsTo():254}()
#2 /home/bestprime-ecommerce/htdocs/ecommerce.bestprime.live/suvee/vendor/laravel/framework/src/Illuminate/Filesystem/Filesystem.php(123): require('...')
#3 /home/bestprime-ecommerce/htdocs/ecommerce.bestprime.live/suvee/vendor/laravel/framework/src/Illuminate/Filesystem/Filesystem.php(124): Illuminate\\Filesystem\\Filesystem::{closure:Illuminate\\Filesystem\\Filesystem::getRequire():120}()
#4 /home/bestprime-ecommerce/htdocs/ecommerce.bestprime.live/suvee/vendor/laravel/framework/src/Illuminate/View/Engines/PhpEngine.php(58): Illuminate\\Filesystem\\Filesystem->getRequire()
#5 /home/bestprime-ecommerce/htdocs/ecommerce.bestprime.live/suvee/vendor/laravel/framework/src/Illuminate/View/Engines/CompilerEngine.php(72): Illuminate\\View\\Engines\\PhpEngine->evaluatePath()
#6 /home/bestprime-ecommerce/htdocs/ecommerce.bestprime.live/suvee/vendor/laravel/framework/src/Illuminate/View/View.php(207): Illuminate\\View\\Engines\\CompilerEngine->get()
#7 /home/bestprime-ecommerce/htdocs/ecommerce.bestprime.live/suvee/vendor/laravel/framework/src/Illuminate/View/View.php(190): Illuminate\\View\\View->getContents()
#8 /home/bestprime-ecommerce/htdocs/ecommerce.bestprime.live/suvee/vendor/laravel/framework/src/Illuminate/View/View.php(159): Illuminate\\View\\View->renderContents()
#9 /home/bestprime-ecommerce/htdocs/ecommerce.bestprime.live/suvee/vendor/laravel/framework/src/Illuminate/Http/Response.php(69): Illuminate\\View\\View->render()
#10 /home/bestprime-ecommerce/htdocs/ecommerce.bestprime.live/suvee/vendor/laravel/framework/src/Illuminate/Http/Response.php(35): Illuminate\\Http\\Response->setContent()
#11 /home/bestprime-ecommerce/htdocs/ecommerce.bestprime.live/suvee/vendor/laravel/framework/src/Illuminate/Routing/Router.php(918): Illuminate\\Http\\Response->__construct()
#12 /home/bestprime-ecommerce/htdocs/ecommerce.bestprime.live/suvee/vendor/laravel/framework/src/Illuminate/Routing/Router.php(885): Illuminate\\Routing\\Router::toResponse()
#13 /home/bestprime-ecommerce/htdocs/ecommerce.bestprime.live/suvee/vendor/laravel/framework/src/Illuminate/Routing/Router.php(805): Illuminate\\Routing\\Router->prepareResponse()
#14 /home/bestprime-ecommerce/htdocs/ecommerce.bestprime.live/suvee/vendor/laravel/framework/src/Illuminate/Pipeline/Pipeline.php(144): Illuminate\\Routing\\Router->{closure:Illuminate\\Routing\\Router::runRouteWithinStack():805}()
#15 /home/bestprime-ecommerce/htdocs/ecommerce.bestprime.live/suvee/vendor/laravel/framework/src/Illuminate/Routing/Middleware/SubstituteBindings.php(50): Illuminate\\Pipeline\\Pipeline->{closure:Illuminate\\Pipeline\\Pipeline::prepareDestination():142}()
#16 /home/bestprime-ecommerce/htdocs/ecommerce.bestprime.live/suvee/vendor/laravel/framework/src/Illuminate/Pipeline/Pipeline.php(183): Illuminate\\Routing\\Middleware\\SubstituteBindings->handle()
#17 /home/bestprime-ecommerce/htdocs/ecommerce.bestprime.live/suvee/vendor/laravel/framework/src/Illuminate/Auth/Middleware/Authenticate.php(57): Illuminate\\Pipeline\\Pipeline->{closure:{closure:Illuminate\\Pipeline\\Pipeline::carry():158}:159}()
#18 /home/bestprime-ecommerce/htdocs/ecommerce.bestprime.live/suvee/vendor/laravel/framework/src/Illuminate/Pipeline/Pipeline.php(183): Illuminate\\Auth\\Middleware\\Authenticate->handle()
#19 /home/bestprime-ecommerce/htdocs/ecommerce.bestprime.live/suvee/vendor/laravel/framework/src/Illuminate/Foundation/Http/Middleware/VerifyCsrfToken.php(78): Illuminate\\Pipeline\\Pipeline->{closure:{closure:Illuminate\\Pipeline\\Pipeline::carry():158}:159}()
#20 /home/bestprime-ecommerce/htdocs/ecommerce.bestprime.live/suvee/vendor/laravel/framework/src/Illuminate/Pipeline/Pipeline.php(183): Illuminate\\Foundation\\Http\\Middleware\\VerifyCsrfToken->handle()
#21 /home/bestprime-ecommerce/htdocs/ecommerce.bestprime.live/suvee/vendor/laravel/framework/src/Illuminate/View/Middleware/ShareErrorsFromSession.php(49): Illuminate\\Pipeline\\Pipeline->{closure:{closure:Illuminate\\Pipeline\\Pipeline::carry():158}:159}()
#22 /home/bestprime-ecommerce/htdocs/ecommerce.bestprime.live/suvee/vendor/laravel/framework/src/Illuminate/Pipeline/Pipeline.php(183): Illuminate\\View\\Middleware\\ShareErrorsFromSession->handle()
#23 /home/bestprime-ecommerce/htdocs/ecommerce.bestprime.live/suvee/vendor/laravel/framework/src/Illuminate/Session/Middleware/StartSession.php(121): Illuminate\\Pipeline\\Pipeline->{closure:{closure:Illuminate\\Pipeline\\Pipeline::carry():158}:159}()
#24 /home/bestprime-ecommerce/htdocs/ecommerce.bestprime.live/suvee/vendor/laravel/framework/src/Illuminate/Session/Middleware/StartSession.php(64): Illuminate\\Session\\Middleware\\StartSession->handleStatefulRequest()
#25 /home/bestprime-ecommerce/htdocs/ecommerce.bestprime.live/suvee/vendor/laravel/framework/src/Illuminate/Pipeline/Pipeline.php(183): Illuminate\\Session\\Middleware\\StartSession->handle()
#26 /home/bestprime-ecommerce/htdocs/ecommerce.bestprime.live/suvee/vendor/laravel/framework/src/Illuminate/Cookie/Middleware/AddQueuedCookiesToResponse.php(37): Illuminate\\Pipeline\\Pipeline->{closure:{closure:Illuminate\\Pipeline\\Pipeline::carry():158}:159}()
#27 /home/bestprime-ecommerce/htdocs/ecommerce.bestprime.live/suvee/vendor/laravel/framework/src/Illuminate/Pipeline/Pipeline.php(183): Illuminate\\Cookie\\Middleware\\AddQueuedCookiesToResponse->handle()
#28 /home/bestprime-ecommerce/htdocs/ecommerce.bestprime.live/suvee/vendor/laravel/framework/src/Illuminate/Cookie/Middleware/EncryptCookies.php(67): Illuminate\\Pipeline\\Pipeline->{closure:{closure:Illuminate\\Pipeline\\Pipeline::carry():158}:159}()
#29 /home/bestprime-ecommerce/htdocs/ecommerce.bestprime.live/suvee/vendor/laravel/framework/src/Illuminate/Pipeline/Pipeline.php(183): Illuminate\\Cookie\\Middleware\\EncryptCookies->handle()
#30 /home/bestprime-ecommerce/htdocs/ecommerce.bestprime.live/suvee/vendor/laravel/framework/src/Illuminate/Pipeline/Pipeline.php(119): Illuminate\\Pipeline\\Pipeline->{closure:{closure:Illuminate\\Pipeline\\Pipeline::carry():158}:159}()
#31 /home/bestprime-ecommerce/htdocs/ecommerce.bestprime.live/suvee/vendor/laravel/framework/src/Illuminate/Routing/Router.php(805): Illuminate\\Pipeline\\Pipeline->then()
#32 /home/bestprime-ecommerce/htdocs/ecommerce.bestprime.live/suvee/vendor/laravel/framework/src/Illuminate/Routing/Router.php(784): Illuminate\\Routing\\Router->runRouteWithinStack()
#33 /home/bestprime-ecommerce/htdocs/ecommerce.bestprime.live/suvee/vendor/laravel/framework/src/Illuminate/Routing/Router.php(748): Illuminate\\Routing\\Router->runRoute()
#34 /home/bestprime-ecommerce/htdocs/ecommerce.bestprime.live/suvee/vendor/laravel/framework/src/Illuminate/Routing/Router.php(737): Illuminate\\Routing\\Router->dispatchToRoute()
#35 /home/bestprime-ecommerce/htdocs/ecommerce.bestprime.live/suvee/vendor/laravel/framework/src/Illuminate/Foundation/Http/Kernel.php(200): Illuminate\\Routing\\Router->dispatch()
#36 /home/bestprime-ecommerce/htdocs/ecommerce.bestprime.live/suvee/vendor/laravel/framework/src/Illuminate/Pipeline/Pipeline.php(144): Illuminate\\Foundation\\Http\\Kernel->{closure:Illuminate\\Foundation\\Http\\Kernel::dispatchToRouter():197}()
#37 /home/bestprime-ecommerce/htdocs/ecommerce.bestprime.live/suvee/vendor/laravel/framework/src/Illuminate/Foundation/Http/Middleware/TransformsRequest.php(21): Illuminate\\Pipeline\\Pipeline->{closure:Illuminate\\Pipeline\\Pipeline::prepareDestination():142}()
#38 /home/bestprime-ecommerce/htdocs/ecommerce.bestprime.live/suvee/vendor/laravel/framework/src/Illuminate/Foundation/Http/Middleware/ConvertEmptyStringsToNull.php(31): Illuminate\\Foundation\\Http\\Middleware\\TransformsRequest->handle()
#39 /home/bestprime-ecommerce/htdocs/ecommerce.bestprime.live/suvee/vendor/laravel/framework/src/Illuminate/Pipeline/Pipeline.php(183): Illuminate\\Foundation\\Http\\Middleware\\ConvertEmptyStringsToNull->handle()
#40 /home/bestprime-ecommerce/htdocs/ecommerce.bestprime.live/suvee/vendor/laravel/framework/src/Illuminate/Foundation/Http/Middleware/TransformsRequest.php(21): Illuminate\\Pipeline\\Pipeline->{closure:{closure:Illuminate\\Pipeline\\Pipeline::carry():158}:159}()
#41 /home/bestprime-ecommerce/htdocs/ecommerce.bestprime.live/suvee/vendor/laravel/framework/src/Illuminate/Foundation/Http/Middleware/TrimStrings.php(40): Illuminate\\Foundation\\Http\\Middleware\\TransformsRequest->handle()
#42 /home/bestprime-ecommerce/htdocs/ecommerce.bestprime.live/suvee/vendor/laravel/framework/src/Illuminate/Pipeline/Pipeline.php(183): Illuminate\\Foundation\\Http\\Middleware\\TrimStrings->handle()
#43 /home/bestprime-ecommerce/htdocs/ecommerce.bestprime.live/suvee/vendor/laravel/framework/src/Illuminate/Foundation/Http/Middleware/ValidatePostSize.php(27): Illuminate\\Pipeline\\Pipeline->{closure:{closure:Illuminate\\Pipeline\\Pipeline::carry():158}:159}()
#44 /home/bestprime-ecommerce/htdocs/ecommerce.bestprime.live/suvee/vendor/laravel/framework/src/Illuminate/Pipeline/Pipeline.php(183): Illuminate\\Foundation\\Http\\Middleware\\ValidatePostSize->handle()
#45 /home/bestprime-ecommerce/htdocs/ecommerce.bestprime.live/suvee/vendor/laravel/framework/src/Illuminate/Foundation/Http/Middleware/PreventRequestsDuringMaintenance.php(99): Illuminate\\Pipeline\\Pipeline->{closure:{closure:Illuminate\\Pipeline\\Pipeline::carry():158}:159}()
#46 /home/bestprime-ecommerce/htdocs/ecommerce.bestprime.live/suvee/vendor/laravel/framework/src/Illuminate/Pipeline/Pipeline.php(183): Illuminate\\Foundation\\Http\\Middleware\\PreventRequestsDuringMaintenance->handle()
#47 /home/bestprime-ecommerce/htdocs/ecommerce.bestprime.live/suvee/vendor/laravel/framework/src/Illuminate/Http/Middleware/HandleCors.php(49): Illuminate\\Pipeline\\Pipeline->{closure:{closure:Illuminate\\Pipeline\\Pipeline::carry():158}:159}()
#48 /home/bestprime-ecommerce/htdocs/ecommerce.bestprime.live/suvee/vendor/laravel/framework/src/Illuminate/Pipeline/Pipeline.php(183): Illuminate\\Http\\Middleware\\HandleCors->handle()
#49 /home/bestprime-ecommerce/htdocs/ecommerce.bestprime.live/suvee/vendor/laravel/framework/src/Illuminate/Http/Middleware/TrustProxies.php(39): Illuminate\\Pipeline\\Pipeline->{closure:{closure:Illuminate\\Pipeline\\Pipeline::carry():158}:159}()
#50 /home/bestprime-ecommerce/htdocs/ecommerce.bestprime.live/suvee/vendor/laravel/framework/src/Illuminate/Pipeline/Pipeline.php(183): Illuminate\\Http\\Middleware\\TrustProxies->handle()
#51 /home/bestprime-ecommerce/htdocs/ecommerce.bestprime.live/suvee/vendor/laravel/framework/src/Illuminate/Pipeline/Pipeline.php(119): Illuminate\\Pipeline\\Pipeline->{closure:{closure:Illuminate\\Pipeline\\Pipeline::carry():158}:159}()
#52 /home/bestprime-ecommerce/htdocs/ecommerce.bestprime.live/suvee/vendor/laravel/framework/src/Illuminate/Foundation/Http/Kernel.php(175): Illuminate\\Pipeline\\Pipeline->then()
#53 /home/bestprime-ecommerce/htdocs/ecommerce.bestprime.live/suvee/vendor/laravel/framework/src/Illuminate/Foundation/Http/Kernel.php(144): Illuminate\\Foundation\\Http\\Kernel->sendRequestThroughRouter()
#54 /home/bestprime-ecommerce/htdocs/ecommerce.bestprime.live/suvee/public/index.php(36): Illuminate\\Foundation\\Http\\Kernel->handle()
#55 {main}
"} 
[2025-12-27 18:22:16] laravel.EMERGENCY: Unable to create configured logger. Using emergency logger. {"exception":"[object] (InvalidArgumentException(code: 0): Log [] is not defined. at /home/bestprime-ecommerce/htdocs/ecommerce.bestprime.live/suvee/vendor/laravel/framework/src/Illuminate/Log/LogManager.php:212)
[stacktrace]
#0 /home/bestprime-ecommerce/htdocs/ecommerce.bestprime.live/suvee/vendor/laravel/framework/src/Illuminate/Log/LogManager.php(137): Illuminate\\Log\\LogManager->resolve()
#1 /home/bestprime-ecommerce/htdocs/ecommerce.bestprime.live/suvee/vendor/laravel/framework/src/Illuminate/Log/LogManager.php(124): Illuminate\\Log\\LogManager->get()
#2 /home/bestprime-ecommerce/htdocs/ecommerce.bestprime.live/suvee/vendor/laravel/framework/src/Illuminate/Log/LogManager.php(681): Illuminate\\Log\\LogManager->driver()
#3 /home/bestprime-ecommerce/htdocs/ecommerce.bestprime.live/suvee/vendor/laravel/framework/src/Illuminate/Foundation/Exceptions/Handler.php(317): Illuminate\\Log\\LogManager->error()
#4 /home/bestprime-ecommerce/htdocs/ecommerce.bestprime.live/suvee/vendor/laravel/framework/src/Illuminate/Foundation/Exceptions/Handler.php(278): Illuminate\\Foundation\\Exceptions\\Handler->reportThrowable()
#5 /home/bestprime-ecommerce/htdocs/ecommerce.bestprime.live/suvee/vendor/laravel/framework/src/Illuminate/Routing/Pipeline.php(49): Illuminate\\Foundation\\Exceptions\\Handler->report()
#6 /home/bestprime-ecommerce/htdocs/ecommerce.bestprime.live/suvee/vendor/laravel/framework/src/Illuminate/Pipeline/Pipeline.php(146): Illuminate\\Routing\\Pipeline->handleException()
#7 /home/bestprime-ecommerce/htdocs/ecommerce.bestprime.live/suvee/vendor/laravel/framework/src/Illuminate/Routing/Middleware/SubstituteBindings.php(50): Illuminate\\Pipeline\\Pipeline->{closure:Illuminate\\Pipeline\\Pipeline::prepareDestination():142}()
#8 /home/bestprime-ecommerce/htdocs/ecommerce.bestprime.live/suvee/vendor/laravel/framework/src/Illuminate/Pipeline/Pipeline.php(183): Illuminate\\Routing\\Middleware\\SubstituteBindings->handle()
#9 /home/bestprime-ecommerce/htdocs/ecommerce.bestprime.live/suvee/vendor/laravel/framework/src/Illuminate/Auth/Middleware/Authenticate.php(57): Illuminate\\Pipeline\\Pipeline->{closure:{closure:Illuminate\\Pipeline\\Pipeline::carry():158}:159}()
#10 /home/bestprime-ecommerce/htdocs/ecommerce.bestprime.live/suvee/vendor/laravel/framework/src/Illuminate/Pipeline/Pipeline.php(183): Illuminate\\Auth\\Middleware\\Authenticate->handle()
#11 /home/bestprime-ecommerce/htdocs/ecommerce.bestprime.live/suvee/vendor/laravel/framework/src/Illuminate/Foundation/Http/Middleware/VerifyCsrfToken.php(78): Illuminate\\Pipeline\\Pipeline->{closure:{closure:Illuminate\\Pipeline\\Pipeline::carry():158}:159}()
#12 /home/bestprime-ecommerce/htdocs/ecommerce.bestprime.live/suvee/vendor/laravel/framework/src/Illuminate/Pipeline/Pipeline.php(183): Illuminate\\Foundation\\Http\\Middleware\\VerifyCsrfToken->handle()
#13 /home/bestprime-ecommerce/htdocs/ecommerce.bestprime.live/suvee/vendor/laravel/framework/src/Illuminate/View/Middleware/ShareErrorsFromSession.php(49): Illuminate\\Pipeline\\Pipeline->{closure:{closure:Illuminate\\Pipeline\\Pipeline::carry():158}:159}()
#14 /home/bestprime-ecommerce/htdocs/ecommerce.bestprime.live/suvee/vendor/laravel/framework/src/Illuminate/Pipeline/Pipeline.php(183): Illuminate\\View\\Middleware\\ShareErrorsFromSession->handle()
#15 /home/bestprime-ecommerce/htdocs/ecommerce.bestprime.live/suvee/vendor/laravel/framework/src/Illuminate/Session/Middleware/StartSession.php(121): Illuminate\\Pipeline\\Pipeline->{closure:{closure:Illuminate\\Pipeline\\Pipeline::carry():158}:159}()
#16 /home/bestprime-ecommerce/htdocs/ecommerce.bestprime.live/suvee/vendor/laravel/framework/src/Illuminate/Session/Middleware/StartSession.php(64): Illuminate\\Session\\Middleware\\StartSession->handleStatefulRequest()
#17 /home/bestprime-ecommerce/htdocs/ecommerce.bestprime.live/suvee/vendor/laravel/framework/src/Illuminate/Pipeline/Pipeline.php(183): Illuminate\\Session\\Middleware\\StartSession->handle()
#18 /home/bestprime-ecommerce/htdocs/ecommerce.bestprime.live/suvee/vendor/laravel/framework/src/Illuminate/Cookie/Middleware/AddQueuedCookiesToResponse.php(37): Illuminate\\Pipeline\\Pipeline->{closure:{closure:Illuminate\\Pipeline\\Pipeline::carry():158}:159}()
#19 /home/bestprime-ecommerce/htdocs/ecommerce.bestprime.live/suvee/vendor/laravel/framework/src/Illuminate/Pipeline/Pipeline.php(183): Illuminate\\Cookie\\Middleware\\AddQueuedCookiesToResponse->handle()
#20 /home/bestprime-ecommerce/htdocs/ecommerce.bestprime.live/suvee/vendor/laravel/framework/src/Illuminate/Cookie/Middleware/EncryptCookies.php(67): Illuminate\\Pipeline\\Pipeline->{closure:{closure:Illuminate\\Pipeline\\Pipeline::carry():158}:159}()
#21 /home/bestprime-ecommerce/htdocs/ecommerce.bestprime.live/suvee/vendor/laravel/framework/src/Illuminate/Pipeline/Pipeline.php(183): Illuminate\\Cookie\\Middleware\\EncryptCookies->handle()
#22 /home/bestprime-ecommerce/htdocs/ecommerce.bestprime.live/suvee/vendor/laravel/framework/src/Illuminate/Pipeline/Pipeline.php(119): Illuminate\\Pipeline\\Pipeline->{closure:{closure:Illuminate\\Pipeline\\Pipeline::carry():158}:159}()
#23 /home/bestprime-ecommerce/htdocs/ecommerce.bestprime.live/suvee/vendor/laravel/framework/src/Illuminate/Routing/Router.php(805): Illuminate\\Pipeline\\Pipeline->then()
#24 /home/bestprime-ecommerce/htdocs/ecommerce.bestprime.live/suvee/vendor/laravel/framework/src/Illuminate/Routing/Router.php(784): Illuminate\\Routing\\Router->runRouteWithinStack()
#25 /home/bestprime-ecommerce/htdocs/ecommerce.bestprime.live/suvee/vendor/laravel/framework/src/Illuminate/Routing/Router.php(748): Illuminate\\Routing\\Router->runRoute()
#26 /home/bestprime-ecommerce/htdocs/ecommerce.bestprime.live/suvee/vendor/laravel/framework/src/Illuminate/Routing/Router.php(737): Illuminate\\Routing\\Router->dispatchToRoute()
#27 /home/bestprime-ecommerce/htdocs/ecommerce.bestprime.live/suvee/vendor/laravel/framework/src/Illuminate/Foundation/Http/Kernel.php(200): Illuminate\\Routing\\Router->dispatch()
#28 /home/bestprime-ecommerce/htdocs/ecommerce.bestprime.live/suvee/vendor/laravel/framework/src/Illuminate/Pipeline/Pipeline.php(144): Illuminate\\Foundation\\Http\\Kernel->{closure:Illuminate\\Foundation\\Http\\Kernel::dispatchToRouter():197}()
#29 /home/bestprime-ecommerce/htdocs/ecommerce.bestprime.live/suvee/vendor/laravel/framework/src/Illuminate/Foundation/Http/Middleware/TransformsRequest.php(21): Illuminate\\Pipeline\\Pipeline->{closure:Illuminate\\Pipeline\\Pipeline::prepareDestination():142}()
#30 /home/bestprime-ecommerce/htdocs/ecommerce.bestprime.live/suvee/vendor/laravel/framework/src/Illuminate/Foundation/Http/Middleware/ConvertEmptyStringsToNull.php(31): Illuminate\\Foundation\\Http\\Middleware\\TransformsRequest->handle()
#31 /home/bestprime-ecommerce/htdocs/ecommerce.bestprime.live/suvee/vendor/laravel/framework/src/Illuminate/Pipeline/Pipeline.php(183): Illuminate\\Foundation\\Http\\Middleware\\ConvertEmptyStringsToNull->handle()
#32 /home/bestprime-ecommerce/htdocs/ecommerce.bestprime.live/suvee/vendor/laravel/framework/src/Illuminate/Foundation/Http/Middleware/TransformsRequest.php(21): Illuminate\\Pipeline\\Pipeline->{closure:{closure:Illuminate\\Pipeline\\Pipeline::carry():158}:159}()
#33 /home/bestprime-ecommerce/htdocs/ecommerce.bestprime.live/suvee/vendor/laravel/framework/src/Illuminate/Foundation/Http/Middleware/TrimStrings.php(40): Illuminate\\Foundation\\Http\\Middleware\\TransformsRequest->handle()
#34 /home/bestprime-ecommerce/htdocs/ecommerce.bestprime.live/suvee/vendor/laravel/framework/src/Illuminate/Pipeline/Pipeline.php(183): Illuminate\\Foundation\\Http\\Middleware\\TrimStrings->handle()
#35 /home/bestprime-ecommerce/htdocs/ecommerce.bestprime.live/suvee/vendor/laravel/framework/src/Illuminate/Foundation/Http/Middleware/ValidatePostSize.php(27): Illuminate\\Pipeline\\Pipeline->{closure:{closure:Illuminate\\Pipeline\\Pipeline::carry():158}:159}()
#36 /home/bestprime-ecommerce/htdocs/ecommerce.bestprime.live/suvee/vendor/laravel/framework/src/Illuminate/Pipeline/Pipeline.php(183): Illuminate\\Foundation\\Http\\Middleware\\ValidatePostSize->handle()
#37 /home/bestprime-ecommerce/htdocs/ecommerce.bestprime.live/suvee/vendor/laravel/framework/src/Illuminate/Foundation/Http/Middleware/PreventRequestsDuringMaintenance.php(99): Illuminate\\Pipeline\\Pipeline->{closure:{closure:Illuminate\\Pipeline\\Pipeline::carry():158}:159}()
#38 /home/bestprime-ecommerce/htdocs/ecommerce.bestprime.live/suvee/vendor/laravel/framework/src/Illuminate/Pipeline/Pipeline.php(183): Illuminate\\Foundation\\Http\\Middleware\\PreventRequestsDuringMaintenance->handle()
#39 /home/bestprime-ecommerce/htdocs/ecommerce.bestprime.live/suvee/vendor/laravel/framework/src/Illuminate/Http/Middleware/HandleCors.php(49): Illuminate\\Pipeline\\Pipeline->{closure:{closure:Illuminate\\Pipeline\\Pipeline::carry():158}:159}()
#40 /home/bestprime-ecommerce/htdocs/ecommerce.bestprime.live/suvee/vendor/laravel/framework/src/Illuminate/Pipeline/Pipeline.php(183): Illuminate\\Http\\Middleware\\HandleCors->handle()
#41 /home/bestprime-ecommerce/htdocs/ecommerce.bestprime.live/suvee/vendor/laravel/framework/src/Illuminate/Http/Middleware/TrustProxies.php(39): Illuminate\\Pipeline\\Pipeline->{closure:{closure:Illuminate\\Pipeline\\Pipeline::carry():158}:159}()
#42 /home/bestprime-ecommerce/htdocs/ecommerce.bestprime.live/suvee/vendor/laravel/framework/src/Illuminate/Pipeline/Pipeline.php(183): Illuminate\\Http\\Middleware\\TrustProxies->handle()
#43 /home/bestprime-ecommerce/htdocs/ecommerce.bestprime.live/suvee/vendor/laravel/framework/src/Illuminate/Pipeline/Pipeline.php(119): Illuminate\\Pipeline\\Pipeline->{closure:{closure:Illuminate\\Pipeline\\Pipeline::carry():158}:159}()
#44 /home/bestprime-ecommerce/htdocs/ecommerce.bestprime.live/suvee/vendor/laravel/framework/src/Illuminate/Foundation/Http/Kernel.php(175): Illuminate\\Pipeline\\Pipeline->then()
#45 /home/bestprime-ecommerce/htdocs/ecommerce.bestprime.live/suvee/vendor/laravel/framework/src/Illuminate/Foundation/Http/Kernel.php(144): Illuminate\\Foundation\\Http\\Kernel->sendRequestThroughRouter()
#46 /home/bestprime-ecommerce/htdocs/ecommerce.bestprime.live/suvee/public/index.php(36): Illuminate\\Foundation\\Http\\Kernel->handle()
#47 {main}
"} 
[2025-12-27 18:22:16] laravel.ERROR: Attempt to read property "name" on null {"view":{"view":"/home/bestprime-ecommerce/htdocs/ecommerce.bestprime.live/suvee/resources/views/admin/products/index.blade.php","data":[]},"userId":1,"exception":"[object] (Spatie\\LaravelIgnition\\Exceptions\\ViewException(code: 0): Attempt to read property \"name\" on null at /home/bestprime-ecommerce/htdocs/ecommerce.bestprime.live/suvee/resources/views/admin/products/index.blade.php:37)
[stacktrace]
#0 /home/bestprime-ecommerce/htdocs/ecommerce.bestprime.live/suvee/vendor/laravel/framework/src/Illuminate/Filesystem/Filesystem.php(123): require('...')
#1 /home/bestprime-ecommerce/htdocs/ecommerce.bestprime.live/suvee/vendor/laravel/framework/src/Illuminate/Filesystem/Filesystem.php(124): Illuminate\\Filesystem\\Filesystem::{closure:Illuminate\\Filesystem\\Filesystem::getRequire():120}()
#2 /home/bestprime-ecommerce/htdocs/ecommerce.bestprime.live/suvee/vendor/laravel/framework/src/Illuminate/View/Engines/PhpEngine.php(58): Illuminate\\Filesystem\\Filesystem->getRequire()
#3 /home/bestprime-ecommerce/htdocs/ecommerce.bestprime.live/suvee/vendor/laravel/framework/src/Illuminate/View/Engines/CompilerEngine.php(72): Illuminate\\View\\Engines\\PhpEngine->evaluatePath()
#4 /home/bestprime-ecommerce/htdocs/ecommerce.bestprime.live/suvee/vendor/laravel/framework/src/Illuminate/View/View.php(207): Illuminate\\View\\Engines\\CompilerEngine->get()
#5 /home/bestprime-ecommerce/htdocs/ecommerce.bestprime.live/suvee/vendor/laravel/framework/src/Illuminate/View/View.php(190): Illuminate\\View\\View->getContents()
#6 /home/bestprime-ecommerce/htdocs/ecommerce.bestprime.live/suvee/vendor/laravel/framework/src/Illuminate/View/View.php(159): Illuminate\\View\\View->renderContents()
#7 /home/bestprime-ecommerce/htdocs/ecommerce.bestprime.live/suvee/vendor/laravel/framework/src/Illuminate/Http/Response.php(69): Illuminate\\View\\View->render()
#8 /home/bestprime-ecommerce/htdocs/ecommerce.bestprime.live/suvee/vendor/laravel/framework/src/Illuminate/Http/Response.php(35): Illuminate\\Http\\Response->setContent()
#9 /home/bestprime-ecommerce/htdocs/ecommerce.bestprime.live/suvee/vendor/laravel/framework/src/Illuminate/Routing/Router.php(918): Illuminate\\Http\\Response->__construct()
#10 /home/bestprime-ecommerce/htdocs/ecommerce.bestprime.live/suvee/vendor/laravel/framework/src/Illuminate/Routing/Router.php(885): Illuminate\\Routing\\Router::toResponse()
#11 /home/bestprime-ecommerce/htdocs/ecommerce.bestprime.live/suvee/vendor/laravel/framework/src/Illuminate/Routing/Router.php(805): Illuminate\\Routing\\Router->prepareResponse()
#12 /home/bestprime-ecommerce/htdocs/ecommerce.bestprime.live/suvee/vendor/laravel/framework/src/Illuminate/Pipeline/Pipeline.php(144): Illuminate\\Routing\\Router->{closure:Illuminate\\Routing\\Router::runRouteWithinStack():805}()
#13 /home/bestprime-ecommerce/htdocs/ecommerce.bestprime.live/suvee/vendor/laravel/framework/src/Illuminate/Routing/Middleware/SubstituteBindings.php(50): Illuminate\\Pipeline\\Pipeline->{closure:Illuminate\\Pipeline\\Pipeline::prepareDestination():142}()
#14 /home/bestprime-ecommerce/htdocs/ecommerce.bestprime.live/suvee/vendor/laravel/framework/src/Illuminate/Pipeline/Pipeline.php(183): Illuminate\\Routing\\Middleware\\SubstituteBindings->handle()
#15 /home/bestprime-ecommerce/htdocs/ecommerce.bestprime.live/suvee/vendor/laravel/framework/src/Illuminate/Auth/Middleware/Authenticate.php(57): Illuminate\\Pipeline\\Pipeline->{closure:{closure:Illuminate\\Pipeline\\Pipeline::carry():158}:159}()
#16 /home/bestprime-ecommerce/htdocs/ecommerce.bestprime.live/suvee/vendor/laravel/framework/src/Illuminate/Pipeline/Pipeline.php(183): Illuminate\\Auth\\Middleware\\Authenticate->handle()
#17 /home/bestprime-ecommerce/htdocs/ecommerce.bestprime.live/suvee/vendor/laravel/framework/src/Illuminate/Foundation/Http/Middleware/VerifyCsrfToken.php(78): Illuminate\\Pipeline\\Pipeline->{closure:{closure:Illuminate\\Pipeline\\Pipeline::carry():158}:159}()
#18 /home/bestprime-ecommerce/htdocs/ecommerce.bestprime.live/suvee/vendor/laravel/framework/src/Illuminate/Pipeline/Pipeline.php(183): Illuminate\\Foundation\\Http\\Middleware\\VerifyCsrfToken->handle()
#19 /home/bestprime-ecommerce/htdocs/ecommerce.bestprime.live/suvee/vendor/laravel/framework/src/Illuminate/View/Middleware/ShareErrorsFromSession.php(49): Illuminate\\Pipeline\\Pipeline->{closure:{closure:Illuminate\\Pipeline\\Pipeline::carry():158}:159}()
#20 /home/bestprime-ecommerce/htdocs/ecommerce.bestprime.live/suvee/vendor/laravel/framework/src/Illuminate/Pipeline/Pipeline.php(183): Illuminate\\View\\Middleware\\ShareErrorsFromSession->handle()
#21 /home/bestprime-ecommerce/htdocs/ecommerce.bestprime.live/suvee/vendor/laravel/framework/src/Illuminate/Session/Middleware/StartSession.php(121): Illuminate\\Pipeline\\Pipeline->{closure:{closure:Illuminate\\Pipeline\\Pipeline::carry():158}:159}()
#22 /home/bestprime-ecommerce/htdocs/ecommerce.bestprime.live/suvee/vendor/laravel/framework/src/Illuminate/Session/Middleware/StartSession.php(64): Illuminate\\Session\\Middleware\\StartSession->handleStatefulRequest()
#23 /home/bestprime-ecommerce/htdocs/ecommerce.bestprime.live/suvee/vendor/laravel/framework/src/Illuminate/Pipeline/Pipeline.php(183): Illuminate\\Session\\Middleware\\StartSession->handle()
#24 /home/bestprime-ecommerce/htdocs/ecommerce.bestprime.live/suvee/vendor/laravel/framework/src/Illuminate/Cookie/Middleware/AddQueuedCookiesToResponse.php(37): Illuminate\\Pipeline\\Pipeline->{closure:{closure:Illuminate\\Pipeline\\Pipeline::carry():158}:159}()
#25 /home/bestprime-ecommerce/htdocs/ecommerce.bestprime.live/suvee/vendor/laravel/framework/src/Illuminate/Pipeline/Pipeline.php(183): Illuminate\\Cookie\\Middleware\\AddQueuedCookiesToResponse->handle()
#26 /home/bestprime-ecommerce/htdocs/ecommerce.bestprime.live/suvee/vendor/laravel/framework/src/Illuminate/Cookie/Middleware/EncryptCookies.php(67): Illuminate\\Pipeline\\Pipeline->{closure:{closure:Illuminate\\Pipeline\\Pipeline::carry():158}:159}()
#27 /home/bestprime-ecommerce/htdocs/ecommerce.bestprime.live/suvee/vendor/laravel/framework/src/Illuminate/Pipeline/Pipeline.php(183): Illuminate\\Cookie\\Middleware\\EncryptCookies->handle()
#28 /home/bestprime-ecommerce/htdocs/ecommerce.bestprime.live/suvee/vendor/laravel/framework/src/Illuminate/Pipeline/Pipeline.php(119): Illuminate\\Pipeline\\Pipeline->{closure:{closure:Illuminate\\Pipeline\\Pipeline::carry():158}:159}()
#29 /home/bestprime-ecommerce/htdocs/ecommerce.bestprime.live/suvee/vendor/laravel/framework/src/Illuminate/Routing/Router.php(805): Illuminate\\Pipeline\\Pipeline->then()
#30 /home/bestprime-ecommerce/htdocs/ecommerce.bestprime.live/suvee/vendor/laravel/framework/src/Illuminate/Routing/Router.php(784): Illuminate\\Routing\\Router->runRouteWithinStack()
#31 /home/bestprime-ecommerce/htdocs/ecommerce.bestprime.live/suvee/vendor/laravel/framework/src/Illuminate/Routing/Router.php(748): Illuminate\\Routing\\Router->runRoute()
#32 /home/bestprime-ecommerce/htdocs/ecommerce.bestprime.live/suvee/vendor/laravel/framework/src/Illuminate/Routing/Router.php(737): Illuminate\\Routing\\Router->dispatchToRoute()
#33 /home/bestprime-ecommerce/htdocs/ecommerce.bestprime.live/suvee/vendor/laravel/framework/src/Illuminate/Foundation/Http/Kernel.php(200): Illuminate\\Routing\\Router->dispatch()
#34 /home/bestprime-ecommerce/htdocs/ecommerce.bestprime.live/suvee/vendor/laravel/framework/src/Illuminate/Pipeline/Pipeline.php(144): Illuminate\\Foundation\\Http\\Kernel->{closure:Illuminate\\Foundation\\Http\\Kernel::dispatchToRouter():197}()
#35 /home/bestprime-ecommerce/htdocs/ecommerce.bestprime.live/suvee/vendor/laravel/framework/src/Illuminate/Foundation/Http/Middleware/TransformsRequest.php(21): Illuminate\\Pipeline\\Pipeline->{closure:Illuminate\\Pipeline\\Pipeline::prepareDestination():142}()
#36 /home/bestprime-ecommerce/htdocs/ecommerce.bestprime.live/suvee/vendor/laravel/framework/src/Illuminate/Foundation/Http/Middleware/ConvertEmptyStringsToNull.php(31): Illuminate\\Foundation\\Http\\Middleware\\TransformsRequest->handle()
#37 /home/bestprime-ecommerce/htdocs/ecommerce.bestprime.live/suvee/vendor/laravel/framework/src/Illuminate/Pipeline/Pipeline.php(183): Illuminate\\Foundation\\Http\\Middleware\\ConvertEmptyStringsToNull->handle()
#38 /home/bestprime-ecommerce/htdocs/ecommerce.bestprime.live/suvee/vendor/laravel/framework/src/Illuminate/Foundation/Http/Middleware/TransformsRequest.php(21): Illuminate\\Pipeline\\Pipeline->{closure:{closure:Illuminate\\Pipeline\\Pipeline::carry():158}:159}()
#39 /home/bestprime-ecommerce/htdocs/ecommerce.bestprime.live/suvee/vendor/laravel/framework/src/Illuminate/Foundation/Http/Middleware/TrimStrings.php(40): Illuminate\\Foundation\\Http\\Middleware\\TransformsRequest->handle()
#40 /home/bestprime-ecommerce/htdocs/ecommerce.bestprime.live/suvee/vendor/laravel/framework/src/Illuminate/Pipeline/Pipeline.php(183): Illuminate\\Foundation\\Http\\Middleware\\TrimStrings->handle()
#41 /home/bestprime-ecommerce/htdocs/ecommerce.bestprime.live/suvee/vendor/laravel/framework/src/Illuminate/Foundation/Http/Middleware/ValidatePostSize.php(27): Illuminate\\Pipeline\\Pipeline->{closure:{closure:Illuminate\\Pipeline\\Pipeline::carry():158}:159}()
#42 /home/bestprime-ecommerce/htdocs/ecommerce.bestprime.live/suvee/vendor/laravel/framework/src/Illuminate/Pipeline/Pipeline.php(183): Illuminate\\Foundation\\Http\\Middleware\\ValidatePostSize->handle()
#43 /home/bestprime-ecommerce/htdocs/ecommerce.bestprime.live/suvee/vendor/laravel/framework/src/Illuminate/Foundation/Http/Middleware/PreventRequestsDuringMaintenance.php(99): Illuminate\\Pipeline\\Pipeline->{closure:{closure:Illuminate\\Pipeline\\Pipeline::carry():158}:159}()
#44 /home/bestprime-ecommerce/htdocs/ecommerce.bestprime.live/suvee/vendor/laravel/framework/src/Illuminate/Pipeline/Pipeline.php(183): Illuminate\\Foundation\\Http\\Middleware\\PreventRequestsDuringMaintenance->handle()
#45 /home/bestprime-ecommerce/htdocs/ecommerce.bestprime.live/suvee/vendor/laravel/framework/src/Illuminate/Http/Middleware/HandleCors.php(49): Illuminate\\Pipeline\\Pipeline->{closure:{closure:Illuminate\\Pipeline\\Pipeline::carry():158}:159}()
#46 /home/bestprime-ecommerce/htdocs/ecommerce.bestprime.live/suvee/vendor/laravel/framework/src/Illuminate/Pipeline/Pipeline.php(183): Illuminate\\Http\\Middleware\\HandleCors->handle()
#47 /home/bestprime-ecommerce/htdocs/ecommerce.bestprime.live/suvee/vendor/laravel/framework/src/Illuminate/Http/Middleware/TrustProxies.php(39): Illuminate\\Pipeline\\Pipeline->{closure:{closure:Illuminate\\Pipeline\\Pipeline::carry():158}:159}()
#48 /home/bestprime-ecommerce/htdocs/ecommerce.bestprime.live/suvee/vendor/laravel/framework/src/Illuminate/Pipeline/Pipeline.php(183): Illuminate\\Http\\Middleware\\TrustProxies->handle()
#49 /home/bestprime-ecommerce/htdocs/ecommerce.bestprime.live/suvee/vendor/laravel/framework/src/Illuminate/Pipeline/Pipeline.php(119): Illuminate\\Pipeline\\Pipeline->{closure:{closure:Illuminate\\Pipeline\\Pipeline::carry():158}:159}()
#50 /home/bestprime-ecommerce/htdocs/ecommerce.bestprime.live/suvee/vendor/laravel/framework/src/Illuminate/Foundation/Http/Kernel.php(175): Illuminate\\Pipeline\\Pipeline->then()
#51 /home/bestprime-ecommerce/htdocs/ecommerce.bestprime.live/suvee/vendor/laravel/framework/src/Illuminate/Foundation/Http/Kernel.php(144): Illuminate\\Foundation\\Http\\Kernel->sendRequestThroughRouter()
#52 /home/bestprime-ecommerce/htdocs/ecommerce.bestprime.live/suvee/public/index.php(36): Illuminate\\Foundation\\Http\\Kernel->handle()
#53 {main}

[previous exception] [object] (ErrorException(code: 0): Attempt to read property \"name\" on null at /home/bestprime-ecommerce/htdocs/ecommerce.bestprime.live/suvee/storage/framework/views/f4028e63ec046d94ee90c9d581f1080b.php:35)
[stacktrace]
#0 /home/bestprime-ecommerce/htdocs/ecommerce.bestprime.live/suvee/vendor/laravel/framework/src/Illuminate/Foundation/Bootstrap/HandleExceptions.php(255): Illuminate\\Foundation\\Bootstrap\\HandleExceptions->handleError()
#1 /home/bestprime-ecommerce/htdocs/ecommerce.bestprime.live/suvee/storage/framework/views/f4028e63ec046d94ee90c9d581f1080b.php(35): Illuminate\\Foundation\\Bootstrap\\HandleExceptions->{closure:Illuminate\\Foundation\\Bootstrap\\HandleExceptions::forwardsTo():254}()
#2 /home/bestprime-ecommerce/htdocs/ecommerce.bestprime.live/suvee/vendor/laravel/framework/src/Illuminate/Filesystem/Filesystem.php(123): require('...')
#3 /home/bestprime-ecommerce/htdocs/ecommerce.bestprime.live/suvee/vendor/laravel/framework/src/Illuminate/Filesystem/Filesystem.php(124): Illuminate\\Filesystem\\Filesystem::{closure:Illuminate\\Filesystem\\Filesystem::getRequire():120}()
#4 /home/bestprime-ecommerce/htdocs/ecommerce.bestprime.live/suvee/vendor/laravel/framework/src/Illuminate/View/Engines/PhpEngine.php(58): Illuminate\\Filesystem\\Filesystem->getRequire()
#5 /home/bestprime-ecommerce/htdocs/ecommerce.bestprime.live/suvee/vendor/laravel/framework/src/Illuminate/View/Engines/CompilerEngine.php(72): Illuminate\\View\\Engines\\PhpEngine->evaluatePath()
#6 /home/bestprime-ecommerce/htdocs/ecommerce.bestprime.live/suvee/vendor/laravel/framework/src/Illuminate/View/View.php(207): Illuminate\\View\\Engines\\CompilerEngine->get()
#7 /home/bestprime-ecommerce/htdocs/ecommerce.bestprime.live/suvee/vendor/laravel/framework/src/Illuminate/View/View.php(190): Illuminate\\View\\View->getContents()
#8 /home/bestprime-ecommerce/htdocs/ecommerce.bestprime.live/suvee/vendor/laravel/framework/src/Illuminate/View/View.php(159): Illuminate\\View\\View->renderContents()
#9 /home/bestprime-ecommerce/htdocs/ecommerce.bestprime.live/suvee/vendor/laravel/framework/src/Illuminate/Http/Response.php(69): Illuminate\\View\\View->render()
#10 /home/bestprime-ecommerce/htdocs/ecommerce.bestprime.live/suvee/vendor/laravel/framework/src/Illuminate/Http/Response.php(35): Illuminate\\Http\\Response->setContent()
#11 /home/bestprime-ecommerce/htdocs/ecommerce.bestprime.live/suvee/vendor/laravel/framework/src/Illuminate/Routing/Router.php(918): Illuminate\\Http\\Response->__construct()
#12 /home/bestprime-ecommerce/htdocs/ecommerce.bestprime.live/suvee/vendor/laravel/framework/src/Illuminate/Routing/Router.php(885): Illuminate\\Routing\\Router::toResponse()
#13 /home/bestprime-ecommerce/htdocs/ecommerce.bestprime.live/suvee/vendor/laravel/framework/src/Illuminate/Routing/Router.php(805): Illuminate\\Routing\\Router->prepareResponse()
#14 /home/bestprime-ecommerce/htdocs/ecommerce.bestprime.live/suvee/vendor/laravel/framework/src/Illuminate/Pipeline/Pipeline.php(144): Illuminate\\Routing\\Router->{closure:Illuminate\\Routing\\Router::runRouteWithinStack():805}()
#15 /home/bestprime-ecommerce/htdocs/ecommerce.bestprime.live/suvee/vendor/laravel/framework/src/Illuminate/Routing/Middleware/SubstituteBindings.php(50): Illuminate\\Pipeline\\Pipeline->{closure:Illuminate\\Pipeline\\Pipeline::prepareDestination():142}()
#16 /home/bestprime-ecommerce/htdocs/ecommerce.bestprime.live/suvee/vendor/laravel/framework/src/Illuminate/Pipeline/Pipeline.php(183): Illuminate\\Routing\\Middleware\\SubstituteBindings->handle()
#17 /home/bestprime-ecommerce/htdocs/ecommerce.bestprime.live/suvee/vendor/laravel/framework/src/Illuminate/Auth/Middleware/Authenticate.php(57): Illuminate\\Pipeline\\Pipeline->{closure:{closure:Illuminate\\Pipeline\\Pipeline::carry():158}:159}()
#18 /home/bestprime-ecommerce/htdocs/ecommerce.bestprime.live/suvee/vendor/laravel/framework/src/Illuminate/Pipeline/Pipeline.php(183): Illuminate\\Auth\\Middleware\\Authenticate->handle()
#19 /home/bestprime-ecommerce/htdocs/ecommerce.bestprime.live/suvee/vendor/laravel/framework/src/Illuminate/Foundation/Http/Middleware/VerifyCsrfToken.php(78): Illuminate\\Pipeline\\Pipeline->{closure:{closure:Illuminate\\Pipeline\\Pipeline::carry():158}:159}()
#20 /home/bestprime-ecommerce/htdocs/ecommerce.bestprime.live/suvee/vendor/laravel/framework/src/Illuminate/Pipeline/Pipeline.php(183): Illuminate\\Foundation\\Http\\Middleware\\VerifyCsrfToken->handle()
#21 /home/bestprime-ecommerce/htdocs/ecommerce.bestprime.live/suvee/vendor/laravel/framework/src/Illuminate/View/Middleware/ShareErrorsFromSession.php(49): Illuminate\\Pipeline\\Pipeline->{closure:{closure:Illuminate\\Pipeline\\Pipeline::carry():158}:159}()
#22 /home/bestprime-ecommerce/htdocs/ecommerce.bestprime.live/suvee/vendor/laravel/framework/src/Illuminate/Pipeline/Pipeline.php(183): Illuminate\\View\\Middleware\\ShareErrorsFromSession->handle()
#23 /home/bestprime-ecommerce/htdocs/ecommerce.bestprime.live/suvee/vendor/laravel/framework/src/Illuminate/Session/Middleware/StartSession.php(121): Illuminate\\Pipeline\\Pipeline->{closure:{closure:Illuminate\\Pipeline\\Pipeline::carry():158}:159}()
#24 /home/bestprime-ecommerce/htdocs/ecommerce.bestprime.live/suvee/vendor/laravel/framework/src/Illuminate/Session/Middleware/StartSession.php(64): Illuminate\\Session\\Middleware\\StartSession->handleStatefulRequest()
#25 /home/bestprime-ecommerce/htdocs/ecommerce.bestprime.live/suvee/vendor/laravel/framework/src/Illuminate/Pipeline/Pipeline.php(183): Illuminate\\Session\\Middleware\\StartSession->handle()
#26 /home/bestprime-ecommerce/htdocs/ecommerce.bestprime.live/suvee/vendor/laravel/framework/src/Illuminate/Cookie/Middleware/AddQueuedCookiesToResponse.php(37): Illuminate\\Pipeline\\Pipeline->{closure:{closure:Illuminate\\Pipeline\\Pipeline::carry():158}:159}()
#27 /home/bestprime-ecommerce/htdocs/ecommerce.bestprime.live/suvee/vendor/laravel/framework/src/Illuminate/Pipeline/Pipeline.php(183): Illuminate\\Cookie\\Middleware\\AddQueuedCookiesToResponse->handle()
#28 /home/bestprime-ecommerce/htdocs/ecommerce.bestprime.live/suvee/vendor/laravel/framework/src/Illuminate/Cookie/Middleware/EncryptCookies.php(67): Illuminate\\Pipeline\\Pipeline->{closure:{closure:Illuminate\\Pipeline\\Pipeline::carry():158}:159}()
#29 /home/bestprime-ecommerce/htdocs/ecommerce.bestprime.live/suvee/vendor/laravel/framework/src/Illuminate/Pipeline/Pipeline.php(183): Illuminate\\Cookie\\Middleware\\EncryptCookies->handle()
#30 /home/bestprime-ecommerce/htdocs/ecommerce.bestprime.live/suvee/vendor/laravel/framework/src/Illuminate/Pipeline/Pipeline.php(119): Illuminate\\Pipeline\\Pipeline->{closure:{closure:Illuminate\\Pipeline\\Pipeline::carry():158}:159}()
#31 /home/bestprime-ecommerce/htdocs/ecommerce.bestprime.live/suvee/vendor/laravel/framework/src/Illuminate/Routing/Router.php(805): Illuminate\\Pipeline\\Pipeline->then()
#32 /home/bestprime-ecommerce/htdocs/ecommerce.bestprime.live/suvee/vendor/laravel/framework/src/Illuminate/Routing/Router.php(784): Illuminate\\Routing\\Router->runRouteWithinStack()
#33 /home/bestprime-ecommerce/htdocs/ecommerce.bestprime.live/suvee/vendor/laravel/framework/src/Illuminate/Routing/Router.php(748): Illuminate\\Routing\\Router->runRoute()
#34 /home/bestprime-ecommerce/htdocs/ecommerce.bestprime.live/suvee/vendor/laravel/framework/src/Illuminate/Routing/Router.php(737): Illuminate\\Routing\\Router->dispatchToRoute()
#35 /home/bestprime-ecommerce/htdocs/ecommerce.bestprime.live/suvee/vendor/laravel/framework/src/Illuminate/Foundation/Http/Kernel.php(200): Illuminate\\Routing\\Router->dispatch()
#36 /home/bestprime-ecommerce/htdocs/ecommerce.bestprime.live/suvee/vendor/laravel/framework/src/Illuminate/Pipeline/Pipeline.php(144): Illuminate\\Foundation\\Http\\Kernel->{closure:Illuminate\\Foundation\\Http\\Kernel::dispatchToRouter():197}()
#37 /home/bestprime-ecommerce/htdocs/ecommerce.bestprime.live/suvee/vendor/laravel/framework/src/Illuminate/Foundation/Http/Middleware/TransformsRequest.php(21): Illuminate\\Pipeline\\Pipeline->{closure:Illuminate\\Pipeline\\Pipeline::prepareDestination():142}()
#38 /home/bestprime-ecommerce/htdocs/ecommerce.bestprime.live/suvee/vendor/laravel/framework/src/Illuminate/Foundation/Http/Middleware/ConvertEmptyStringsToNull.php(31): Illuminate\\Foundation\\Http\\Middleware\\TransformsRequest->handle()
#39 /home/bestprime-ecommerce/htdocs/ecommerce.bestprime.live/suvee/vendor/laravel/framework/src/Illuminate/Pipeline/Pipeline.php(183): Illuminate\\Foundation\\Http\\Middleware\\ConvertEmptyStringsToNull->handle()
#40 /home/bestprime-ecommerce/htdocs/ecommerce.bestprime.live/suvee/vendor/laravel/framework/src/Illuminate/Foundation/Http/Middleware/TransformsRequest.php(21): Illuminate\\Pipeline\\Pipeline->{closure:{closure:Illuminate\\Pipeline\\Pipeline::carry():158}:159}()
#41 /home/bestprime-ecommerce/htdocs/ecommerce.bestprime.live/suvee/vendor/laravel/framework/src/Illuminate/Foundation/Http/Middleware/TrimStrings.php(40): Illuminate\\Foundation\\Http\\Middleware\\TransformsRequest->handle()
#42 /home/bestprime-ecommerce/htdocs/ecommerce.bestprime.live/suvee/vendor/laravel/framework/src/Illuminate/Pipeline/Pipeline.php(183): Illuminate\\Foundation\\Http\\Middleware\\TrimStrings->handle()
#43 /home/bestprime-ecommerce/htdocs/ecommerce.bestprime.live/suvee/vendor/laravel/framework/src/Illuminate/Foundation/Http/Middleware/ValidatePostSize.php(27): Illuminate\\Pipeline\\Pipeline->{closure:{closure:Illuminate\\Pipeline\\Pipeline::carry():158}:159}()
#44 /home/bestprime-ecommerce/htdocs/ecommerce.bestprime.live/suvee/vendor/laravel/framework/src/Illuminate/Pipeline/Pipeline.php(183): Illuminate\\Foundation\\Http\\Middleware\\ValidatePostSize->handle()
#45 /home/bestprime-ecommerce/htdocs/ecommerce.bestprime.live/suvee/vendor/laravel/framework/src/Illuminate/Foundation/Http/Middleware/PreventRequestsDuringMaintenance.php(99): Illuminate\\Pipeline\\Pipeline->{closure:{closure:Illuminate\\Pipeline\\Pipeline::carry():158}:159}()
#46 /home/bestprime-ecommerce/htdocs/ecommerce.bestprime.live/suvee/vendor/laravel/framework/src/Illuminate/Pipeline/Pipeline.php(183): Illuminate\\Foundation\\Http\\Middleware\\PreventRequestsDuringMaintenance->handle()
#47 /home/bestprime-ecommerce/htdocs/ecommerce.bestprime.live/suvee/vendor/laravel/framework/src/Illuminate/Http/Middleware/HandleCors.php(49): Illuminate\\Pipeline\\Pipeline->{closure:{closure:Illuminate\\Pipeline\\Pipeline::carry():158}:159}()
#48 /home/bestprime-ecommerce/htdocs/ecommerce.bestprime.live/suvee/vendor/laravel/framework/src/Illuminate/Pipeline/Pipeline.php(183): Illuminate\\Http\\Middleware\\HandleCors->handle()
#49 /home/bestprime-ecommerce/htdocs/ecommerce.bestprime.live/suvee/vendor/laravel/framework/src/Illuminate/Http/Middleware/TrustProxies.php(39): Illuminate\\Pipeline\\Pipeline->{closure:{closure:Illuminate\\Pipeline\\Pipeline::carry():158}:159}()
#50 /home/bestprime-ecommerce/htdocs/ecommerce.bestprime.live/suvee/vendor/laravel/framework/src/Illuminate/Pipeline/Pipeline.php(183): Illuminate\\Http\\Middleware\\TrustProxies->handle()
#51 /home/bestprime-ecommerce/htdocs/ecommerce.bestprime.live/suvee/vendor/laravel/framework/src/Illuminate/Pipeline/Pipeline.php(119): Illuminate\\Pipeline\\Pipeline->{closure:{closure:Illuminate\\Pipeline\\Pipeline::carry():158}:159}()
#52 /home/bestprime-ecommerce/htdocs/ecommerce.bestprime.live/suvee/vendor/laravel/framework/src/Illuminate/Foundation/Http/Kernel.php(175): Illuminate\\Pipeline\\Pipeline->then()
#53 /home/bestprime-ecommerce/htdocs/ecommerce.bestprime.live/suvee/vendor/laravel/framework/src/Illuminate/Foundation/Http/Kernel.php(144): Illuminate\\Foundation\\Http\\Kernel->sendRequestThroughRouter()
#54 /home/bestprime-ecommerce/htdocs/ecommerce.bestprime.live/suvee/public/index.php(36): Illuminate\\Foundation\\Http\\Kernel->handle()
#55 {main}
"} 
>>>>>>> 6db6119 (updated)
